"scu_id","mean_hgt_m","estimated_floor_count","mean_f2f_m","mean_f2f_m_epc"
52401019310007,4.53,1,4.5300000000000000,
52401019310008,7.16,2,3.5800000000000000,
52401019310009,8.92,3,2.9733333333333333,
52401019310013,8.49,2,4.2450000000000000,
52401019330008,5.70,2,2.8500000000000000,2.3900000000000000
52401019330040,3.30,2,1.6500000000000000,
52401019330064,5.50,2,2.7500000000000000,2.3800000000000000
52401019330069,0.89,1,0.89000000000000000000,2.4000000000000000
52401019330077,6.12,2,3.0600000000000000,
52401019330090,5.32,2,2.6600000000000000,
52401019330091,6.02,2,3.0100000000000000,2.3277777777777778
52401019330104,5.56,2,2.7800000000000000,
52401020910001,6.45,2,3.2250000000000000,
52401020910002,8.45,2,4.2250000000000000,
52401020910003,6.69,2,3.3450000000000000,
52401020910004,6.46,3,2.1533333333333333,
52401020930001,7.63,3,2.5433333333333333,
52401020930002,3.61,1,3.6100000000000000,3.9100000000000000
52401020930003,5.35,2,2.6750000000000000,2.4700000000000000
52401020930004,6.64,2,3.3200000000000000,2.5800000000000000
52401020930005,6.79,2,3.3950000000000000,2.7000000000000000
52401020930006,7.53,2,3.7650000000000000,
52401020930007,3.85,1,3.8500000000000000,2.6000000000000000
52401020930008,6.56,2,3.2800000000000000,
52401020930009,6.05,2,3.0250000000000000,
52401020930010,7.00,2,3.5000000000000000,3.2900000000000000
52401020930011,10.39,3,3.4633333333333333,2.6600000000000000
52401020930012,6.32,2,3.1600000000000000,
52401020930013,11.43,4,2.8575000000000000,2.3742857142857143
52401020930014,6.16,3,2.0533333333333333,2.3800000000000000
52401020930015,6.70,2,3.3500000000000000,
52401020930016,5.13,2,2.5650000000000000,
52401020930017,5.74,2,2.8700000000000000,2.3000000000000000
52401020930018,2.62,3,0.87333333333333333333,2.4000000000000000
52401020930019,8.14,3,2.7133333333333333,
52401020930020,6.03,2,3.0150000000000000,
52401020930021,6.58,2,3.2900000000000000,2.4000000000000000
52401020930022,5.04,1,5.0400000000000000,
52401020930023,7.07,2,3.5350000000000000,2.4600000000000000
52401020930024,6.91,2,3.4550000000000000,
52401020930025,6.80,2,3.4000000000000000,2.6800000000000000
52401020930026,5.97,2,2.9850000000000000,
52401020930027,9.77,4,2.4425000000000000,2.3781250000000000
52401020930028,5.13,2,2.5650000000000000,
52401020930029,9.04,3,3.0133333333333333,
52401020930030,4.18,1,4.1800000000000000,2.3000000000000000
52401020930031,6.06,2,3.0300000000000000,
52401020930032,6.13,2,3.0650000000000000,2.3600000000000000
52401020930033,6.13,2,3.0650000000000000,
52401020930034,4.57,2,2.2850000000000000,2.5000000000000000
52401020930035,8.46,4,2.1150000000000000,2.4000000000000000
52401020930036,9.52,3,3.1733333333333333,2.3400000000000000
52401020930037,6.07,3,2.0233333333333333,2.2960000000000000
52401020930038,6.42,2,3.2100000000000000,
52401020930039,6.03,2,3.0150000000000000,
52401020930040,3.94,1,3.9400000000000000,2.4000000000000000
52401020930041,11.95,3,3.9833333333333333,2.8057142857142857
52401020930042,2.81,1,2.8100000000000000,
52401020930043,5.23,2,2.6150000000000000,
52401020930044,8.41,3,2.8033333333333333,3.0000000000000000
52401020930045,6.39,2,3.1950000000000000,
52401020930046,5.05,2,2.5250000000000000,2.4000000000000000
52401020930047,5.92,2,2.9600000000000000,
52401020930048,5.68,2,2.8400000000000000,
52401020930049,6.16,2,3.0800000000000000,
52401020930050,3.26,1,3.2600000000000000,
52401020930051,4.93,2,2.4650000000000000,
52401020930052,6.92,2,3.4600000000000000,
52401020930053,4.80,1,4.8000000000000000,2.3000000000000000
52401020930054,6.52,2,3.2600000000000000,2.4000000000000000
52401020930055,4.99,2,2.4950000000000000,
52401020930056,6.54,2,3.2700000000000000,
52401020930057,8.01,2,4.0050000000000000,2.4100000000000000
52401020930058,7.96,4,1.9900000000000000,2.4000000000000000
52401020930059,5.51,2,2.7550000000000000,
52401020930060,10.61,3,3.5366666666666667,2.7825000000000000
52401020930061,6.35,2,3.1750000000000000,
52401020930062,6.44,2,3.2200000000000000,2.5800000000000000
52401020930063,6.40,2,3.2000000000000000,
52401020930064,7.03,2,3.5150000000000000,
52401020930065,4.29,2,2.1450000000000000,
52401020930066,6.82,2,3.4100000000000000,2.6000000000000000
52401020930067,2.55,1,2.5500000000000000,2.3800000000000000
52401020930068,9.05,3,3.0166666666666667,3.0300000000000000
52401020930069,10.26,3,3.4200000000000000,
52401020930070,10.94,3,3.6466666666666667,2.5600000000000000
52401020930071,7.90,2,3.9500000000000000,2.6175000000000000
52401020930072,6.33,2,3.1650000000000000,2.6000000000000000
52401020930073,11.60,4,2.9000000000000000,
52401020930074,4.12,1,4.1200000000000000,
52401020930075,5.82,2,2.9100000000000000,
52401020930076,5.82,2,2.9100000000000000,2.6200000000000000
52401020930077,6.29,2,3.1450000000000000,
52401020930078,6.25,2,3.1250000000000000,2.3900000000000000
52401020930079,8.41,3,2.8033333333333333,2.4000000000000000
52401020930080,6.35,2,3.1750000000000000,
52401020930081,6.20,2,3.1000000000000000,
52401020930082,5.85,2,2.9250000000000000,
52401020930083,5.26,2,2.6300000000000000,
52401021010001,11.89,0,,
52401021030001,9.22,3,3.0733333333333333,
52401021030002,8.98,3,2.9933333333333333,
52401021030003,9.10,3,3.0333333333333333,
52401021030004,8.49,3,2.8300000000000000,2.4000000000000000
52401021030005,7.14,2,3.5700000000000000,
52401021030006,6.22,2,3.1100000000000000,
52401021030007,8.19,2,4.0950000000000000,
52401021030008,8.40,3,2.8000000000000000,
52401021030009,11.61,4,2.9025000000000000,2.4300000000000000
52401021030010,9.13,3,3.0433333333333333,
52401021030011,8.95,4,2.2375000000000000,
52401021030012,9.10,3,3.0333333333333333,3.1300000000000000
52401021030013,5.05,2,2.5250000000000000,
52401021030014,9.65,3,3.2166666666666667,
52401021030015,8.86,3,2.9533333333333333,
52401021030016,9.59,3,3.1966666666666667,
52401021030017,8.67,3,2.8900000000000000,
52401021030018,6.13,2,3.0650000000000000,
52401021030019,8.91,3,2.9700000000000000,
52401021030020,7.95,3,2.6500000000000000,
52401021030021,8.12,3,2.7066666666666667,2.7200000000000000
52401021030022,5.78,2,2.8900000000000000,
52401021030023,9.14,3,3.0466666666666667,
52401021030024,8.84,3,2.9466666666666667,
52401021030025,6.21,2,3.1050000000000000,
52401021630001,4.85,2,2.4250000000000000,
52401021630002,9.64,3,3.2133333333333333,2.4033333333333333
52401021630003,5.29,2,2.6450000000000000,2.3000000000000000
52401021630004,3.69,1,3.6900000000000000,
52401021630005,5.89,2,2.9450000000000000,
52401021630006,8.66,2,4.3300000000000000,
52401021630007,3.83,1,3.8300000000000000,
52401021630009,7.22,2,3.6100000000000000,2.3400000000000000
52401021630010,5.73,2,2.8650000000000000,2.4800000000000000
52401021630011,5.84,2,2.9200000000000000,
52401021630012,10.51,4,2.6275000000000000,2.4530769230769231
52401021630014,5.79,2,2.8950000000000000,2.4800000000000000
52401021630015,4.26,2,2.1300000000000000,2.4800000000000000
52401021630016,5.68,2,2.8400000000000000,
52401021630017,6.04,2,3.0200000000000000,
52401021630018,3.57,1,3.5700000000000000,
52401021630019,3.82,1,3.8200000000000000,
52401021630020,5.46,2,2.7300000000000000,
52401021630021,6.56,2,3.2800000000000000,2.4100000000000000
52401021630022,6.33,2,3.1650000000000000,
52401021630023,8.76,3,2.9200000000000000,
52401021630024,6.20,2,3.1000000000000000,
52401021630025,5.86,2,2.9300000000000000,
52401021630026,5.95,2,2.9750000000000000,2.4800000000000000
52401021630027,6.34,2,3.1700000000000000,
52401021630028,5.85,2,2.9250000000000000,2.4000000000000000
52401021630029,6.30,2,3.1500000000000000,
52401021630030,6.34,2,3.1700000000000000,
52401021630031,5.59,2,2.7950000000000000,
52401021630033,5.53,2,2.7650000000000000,
52401021630035,3.77,1,3.7700000000000000,
52401021630036,3.93,1,3.9300000000000000,
52401021630041,5.45,2,2.7250000000000000,
52401021630042,6.84,2,3.4200000000000000,
52401021630043,6.50,2,3.2500000000000000,
52401021630044,5.73,2,2.8650000000000000,
52401021630045,6.85,2,3.4250000000000000,
52401021630047,5.45,2,2.7250000000000000,2.3200000000000000
52401021630048,5.89,2,2.9450000000000000,
52401021630049,3.71,1,3.7100000000000000,2.3000000000000000
52401021630051,5.97,2,2.9850000000000000,
52401021630052,3.64,1,3.6400000000000000,
52401021630054,5.25,2,2.6250000000000000,
52401021630055,7.02,2,3.5100000000000000,2.3900000000000000
52401021630056,5.92,2,2.9600000000000000,
52401021630057,5.62,2,2.8100000000000000,
52401021630058,3.54,1,3.5400000000000000,
52401021630059,4.63,1,4.6300000000000000,2.3600000000000000
52401021730003,5.69,2,2.8450000000000000,
52401021730004,9.48,3,3.1600000000000000,
52401021730007,5.84,2,2.9200000000000000,
52401021730010,8.06,3,2.6866666666666667,2.3200000000000000
52401021730012,8.60,3,2.8666666666666667,2.3800000000000000
52401021730015,9.06,3,3.0200000000000000,
52401021730016,5.76,2,2.8800000000000000,
52401021730017,5.33,2,2.6650000000000000,2.4500000000000000
52401021730018,5.69,2,2.8450000000000000,2.4000000000000000
52401021730019,7.50,2,3.7500000000000000,2.3866666666666667
52401021730021,5.51,2,2.7550000000000000,
52401021730022,26.89,10,2.6890000000000000,2.3445454545454545
52401021730023,9.02,3,3.0066666666666667,
52401021730025,9.40,3,3.1333333333333333,2.3163636363636364
52401021730026,5.93,2,2.9650000000000000,
52401021730027,8.34,3,2.7800000000000000,
52401021730028,5.67,2,2.8350000000000000,
52401021730029,5.35,2,2.6750000000000000,
52401021730030,9.03,3,3.0100000000000000,
52401021730032,8.76,3,2.9200000000000000,
52401021730034,30.92,11,2.8109090909090909,2.3030769230769231
52401021730037,8.74,3,2.9133333333333333,
52401021730038,8.90,3,2.9666666666666667,
52401021730039,4.80,2,2.4000000000000000,
52401021730041,8.61,3,2.8700000000000000,
52401021730043,9.39,3,3.1300000000000000,2.3300000000000000
52401021730044,5.20,2,2.6000000000000000,
52401021730045,5.23,2,2.6150000000000000,2.4000000000000000
52401021730046,29.96,11,2.7236363636363636,2.3273684210526316
52401021730047,5.42,2,2.7100000000000000,
52401021730050,8.67,3,2.8900000000000000,2.3000000000000000
52401021730053,7.41,3,2.4700000000000000,2.3666666666666667
52401021730056,4.03,2,2.0150000000000000,
52401021730058,8.39,3,2.7966666666666667,2.3800000000000000
52401021730059,8.67,3,2.8900000000000000,
52401021730061,5.56,2,2.7800000000000000,
52401021730062,5.32,2,2.6600000000000000,
52401021730063,5.70,2,2.8500000000000000,
52401021730064,5.46,2,2.7300000000000000,2.4100000000000000
52401021730066,5.33,2,2.6650000000000000,2.4000000000000000
52401021730067,5.35,2,2.6750000000000000,
52401021730069,5.89,2,2.9450000000000000,
52401021730070,8.94,3,2.9800000000000000,2.3200000000000000
52401021730071,9.16,3,3.0533333333333333,
52401021730074,5.44,2,2.7200000000000000,
52401021730076,8.67,3,2.8900000000000000,2.3000000000000000
52401021730077,5.77,2,2.8850000000000000,
52401021730078,9.08,3,3.0266666666666667,
52401021730081,7.86,2,3.9300000000000000,2.4000000000000000
52401021730083,8.19,3,2.7300000000000000,2.3200000000000000
52401021730085,5.63,2,2.8150000000000000,
52401021730087,8.45,3,2.8166666666666667,2.3300000000000000
52401021730088,9.01,3,3.0033333333333333,
52401021730091,5.53,2,2.7650000000000000,2.4000000000000000
52401021730092,9.00,3,3.0000000000000000,
52401021730093,9.06,3,3.0200000000000000,2.3800000000000000
52401021730094,5.49,2,2.7450000000000000,2.4000000000000000
52401021730096,5.37,2,2.6850000000000000,
52401021730097,9.30,3,3.1000000000000000,
52401021730098,4.92,2,2.4600000000000000,
52401021730100,2.53,1,2.5300000000000000,
52401021730101,8.46,3,2.8200000000000000,
52401021730103,5.89,2,2.9450000000000000,2.4000000000000000
52401021730105,5.64,2,2.8200000000000000,
52401021730106,2.41,1,2.4100000000000000,
52401021730108,5.57,2,2.7850000000000000,
52401021730112,5.41,2,2.7050000000000000,
52401021730114,8.96,3,2.9866666666666667,
52401021730116,9.24,3,3.0800000000000000,
52401021730118,18.07,7,2.5814285714285714,2.3023529411764706
52401021730119,5.29,2,2.6450000000000000,
52401021730120,8.38,3,2.7933333333333333,2.3000000000000000
52401021730121,8.58,3,2.8600000000000000,
52401021730123,8.48,3,2.8266666666666667,2.3000000000000000
52401021730125,5.47,2,2.7350000000000000,
52401021730126,9.55,3,3.1833333333333333,
52401021730127,9.19,3,3.0633333333333333,2.6000000000000000
52401021730128,5.46,2,2.7300000000000000,
52401021730130,5.92,2,2.9600000000000000,
52401021730131,9.21,3,3.0700000000000000,2.3800000000000000
52401021730132,8.83,3,2.9433333333333333,2.3800000000000000
52401021730133,8.46,3,2.8200000000000000,
52401021730134,8.87,3,2.9566666666666667,
52401021730136,29.79,11,2.7081818181818182,2.2560000000000000
52401021730137,8.77,3,2.9233333333333333,
52401021730139,5.64,2,2.8200000000000000,
52401021810002,5.68,2,2.8400000000000000,
52401021810004,5.17,1,5.1700000000000000,
52401021810005,8.62,1,8.6200000000000000,
52401021810006,8.77,3,2.9233333333333333,
52401021810008,5.52,1,5.5200000000000000,
52401021810009,3.51,1,3.5100000000000000,
52401021810011,4.29,1,4.2900000000000000,
52401021810012,9.05,2,4.5250000000000000,
52401021810014,4.78,1,4.7800000000000000,
52401021820001,3.52,1,3.5200000000000000,
52401021820006,8.17,3,2.7233333333333333,
52401021830001,4.91,1,4.9100000000000000,
52401021830003,6.05,2,3.0250000000000000,
52401021830004,4.00,1,4.0000000000000000,
52401021830006,5.23,2,2.6150000000000000,2.6200000000000000
52401021830007,4.97,2,2.4850000000000000,2.5400000000000000
52401021830010,10.43,3,3.4766666666666667,2.1200000000000000
52401021830011,9.02,3,3.0066666666666667,2.3323076923076923
52401021830013,5.28,2,2.6400000000000000,2.4100000000000000
52401021830015,6.73,2,3.3650000000000000,
52401021830017,4.90,2,2.4500000000000000,
52401021830018,5.75,2,2.8750000000000000,
52401021830019,6.22,2,3.1100000000000000,2.3200000000000000
52401021830020,6.02,2,3.0100000000000000,
52401021830021,4.92,2,2.4600000000000000,
52401021830022,8.51,3,2.8366666666666667,
52401021830023,5.99,2,2.9950000000000000,
52401021830026,0.72,1,0.72000000000000000000,2.3900000000000000
52401021830027,6.09,2,3.0450000000000000,2.4300000000000000
52401021830028,5.61,2,2.8050000000000000,2.4000000000000000
52401021830029,5.05,1,5.0500000000000000,
52401021830030,6.61,2,3.3050000000000000,
52401021830031,6.21,2,3.1050000000000000,2.7600000000000000
52401021830032,8.80,3,2.9333333333333333,2.4000000000000000
52401021830033,6.11,2,3.0550000000000000,
52401021830034,4.97,2,2.4850000000000000,2.3700000000000000
52401021830035,4.33,1,4.3300000000000000,
52401021830039,10.31,3,3.4366666666666667,2.9300000000000000
52401021830040,7.82,2,3.9100000000000000,2.5600000000000000
52401021830044,6.89,2,3.4450000000000000,2.7500000000000000
52401021830045,5.83,2,2.9150000000000000,2.4000000000000000
52401021830046,4.27,1,4.2700000000000000,
52401021830047,7.99,3,2.6633333333333333,
52401021830048,6.74,2,3.3700000000000000,
52401021830050,5.47,2,2.7350000000000000,2.3800000000000000
52401021830051,5.77,2,2.8850000000000000,
52401021830052,5.54,2,2.7700000000000000,
52401021830054,5.54,2,2.7700000000000000,
52401021830055,11.09,3,3.6966666666666667,2.3000000000000000
52401021830056,6.28,2,3.1400000000000000,2.4400000000000000
52401021830057,7.05,2,3.5250000000000000,
52401021830058,6.04,2,3.0200000000000000,
52401021830059,5.94,2,2.9700000000000000,
52401021830060,7.80,3,2.6000000000000000,3.0000000000000000
52401021830061,4.58,2,2.2900000000000000,2.5000000000000000
52401021830062,6.15,2,3.0750000000000000,2.3600000000000000
52401021830063,7.84,2,3.9200000000000000,2.4000000000000000
52401021830065,29.56,10,2.9560000000000000,2.3018750000000000
52401021830066,8.04,3,2.6800000000000000,
52401021830068,6.98,2,3.4900000000000000,
52401021830069,5.11,2,2.5550000000000000,
52401021830070,11.02,4,2.7550000000000000,
52401021830071,9.09,3,3.0300000000000000,2.4000000000000000
52401021830072,6.46,2,3.2300000000000000,2.7500000000000000
52401021830073,7.04,2,3.5200000000000000,
52401021830075,7.38,2,3.6900000000000000,2.4600000000000000
52401021830076,8.65,3,2.8833333333333333,
52401021830077,6.00,2,3.0000000000000000,2.3800000000000000
52401021830078,6.45,2,3.2250000000000000,
52401021830079,7.76,2,3.8800000000000000,2.4600000000000000
52401021830080,6.22,2,3.1100000000000000,
52401021830081,6.97,3,2.3233333333333333,2.3900000000000000
52401021830082,11.42,3,3.8066666666666667,2.6000000000000000
52401021830083,6.16,2,3.0800000000000000,
52401021830084,4.74,2,2.3700000000000000,
52401021830086,8.91,3,2.9700000000000000,
52401021830087,6.07,2,3.0350000000000000,
52401021830088,5.68,2,2.8400000000000000,
52401021830089,11.76,3,3.9200000000000000,2.7000000000000000
52401021830090,6.25,2,3.1250000000000000,
52401021910001,7.31,3,2.4366666666666667,
52401021910002,5.31,2,2.6550000000000000,
52401021910003,7.39,1,7.3900000000000000,
52401021910004,6.85,2,3.4250000000000000,
52401021910005,11.13,3,3.7100000000000000,
52401021910006,9.73,3,3.2433333333333333,
52401021910007,7.58,2,3.7900000000000000,
52401021910008,6.29,3,2.0966666666666667,
52401021910009,7.52,2,3.7600000000000000,
52401021910010,4.70,2,2.3500000000000000,
52401021910011,8.59,3,2.8633333333333333,
52401021910012,7.71,1,7.7100000000000000,
52401021910013,4.40,1,4.4000000000000000,
52401021910014,10.28,3,3.4266666666666667,
52401021910015,5.71,2,2.8550000000000000,
52401021910016,7.33,2,3.6650000000000000,
52401021910017,9.56,3,3.1866666666666667,
52401021910018,8.62,3,2.8733333333333333,
52401021910019,4.06,2,2.0300000000000000,
52401021920001,8.13,3,2.7100000000000000,
52401021920002,5.00,1,5.0000000000000000,
52401021930001,4.94,2,2.4700000000000000,
52401021930002,6.42,2,3.2100000000000000,
52401021930003,5.85,2,2.9250000000000000,
52401021930004,6.94,2,3.4700000000000000,2.5400000000000000
52401021930005,6.12,2,3.0600000000000000,
52401021930006,5.24,2,2.6200000000000000,
52401021930007,8.58,3,2.8600000000000000,
52401021930008,8.46,3,2.8200000000000000,2.4180000000000000
52401021930009,6.78,2,3.3900000000000000,2.5400000000000000
52401021930010,6.12,2,3.0600000000000000,
52401021930011,5.46,2,2.7300000000000000,2.5000000000000000
52401021930012,7.09,2,3.5450000000000000,
52401021930013,5.53,2,2.7650000000000000,2.4800000000000000
52401021930014,6.00,2,3.0000000000000000,
52401021930015,6.12,2,3.0600000000000000,2.4800000000000000
52401021930016,8.58,3,2.8600000000000000,
52401021930017,5.79,2,2.8950000000000000,
52401021930018,5.73,2,2.8650000000000000,2.5400000000000000
52401021930019,6.24,2,3.1200000000000000,2.2000000000000000
52401021930020,11.67,4,2.9175000000000000,2.5700000000000000
52401021930021,6.09,2,3.0450000000000000,
52401021930022,5.96,2,2.9800000000000000,
52401021930023,6.63,2,3.3150000000000000,2.4100000000000000
52401021930024,6.01,2,3.0050000000000000,2.5400000000000000
52401021930025,6.89,2,3.4450000000000000,
52401021930026,6.80,2,3.4000000000000000,
52401021930027,5.47,2,2.7350000000000000,
52401021930028,5.98,2,2.9900000000000000,2.4500000000000000
52401021930029,6.22,2,3.1100000000000000,
52401021930030,5.32,2,2.6600000000000000,2.4000000000000000
52401021930031,4.72,2,2.3600000000000000,2.4000000000000000
52401021930032,5.89,2,2.9450000000000000,2.3400000000000000
52401021930033,6.31,2,3.1550000000000000,2.9800000000000000
52401021930034,3.59,1,3.5900000000000000,
52401021930035,6.01,2,3.0050000000000000,
52401021930036,2.23,1,2.2300000000000000,
52401022010001,11.10,3,3.7000000000000000,
52401022010002,7.66,3,2.5533333333333333,
52401022010003,9.19,3,3.0633333333333333,
52401022010004,9.10,3,3.0333333333333333,
52401022010005,10.54,3,3.5133333333333333,2.7200000000000000
52401022010006,8.78,3,2.9266666666666667,
52401022010007,7.32,2,3.6600000000000000,
52401022010008,9.10,3,3.0333333333333333,
52401022010009,11.90,2,5.9500000000000000,
52401022010010,11.62,4,2.9050000000000000,
52401022010012,10.38,3,3.4600000000000000,
52401022010013,9.40,3,3.1333333333333333,
52401022010014,8.81,3,2.9366666666666667,
52401022010015,6.82,3,2.2733333333333333,
52401022010016,8.64,3,2.8800000000000000,
52401022010017,8.35,3,2.7833333333333333,
52401022010018,8.18,2,4.0900000000000000,2.7000000000000000
52401022010019,6.24,2,3.1200000000000000,
52401022010020,6.66,2,3.3300000000000000,
52401022010021,7.56,2,3.7800000000000000,
52401022010023,8.19,3,2.7300000000000000,
52401022010024,9.43,3,3.1433333333333333,
52401022010025,7.88,2,3.9400000000000000,
52401022010026,8.25,3,2.7500000000000000,
52401022010027,5.35,2,2.6750000000000000,
52401022020001,6.94,1,6.9400000000000000,
52401022020002,8.81,3,2.9366666666666667,
52401022030001,10.22,3,3.4066666666666667,
52401022030002,11.62,4,2.9050000000000000,
52401022030009,11.72,4,2.9300000000000000,
52401022030011,5.84,2,2.9200000000000000,
52401022030013,7.24,2,3.6200000000000000,
52401022030017,8.07,2,4.0350000000000000,2.7800000000000000
52401119930001,6.01,2,3.0050000000000000,2.3400000000000000
52401119930003,6.76,2,3.3800000000000000,2.4800000000000000
52401119930006,5.98,2,2.9900000000000000,
52401119930008,5.97,2,2.9850000000000000,
52401119930009,5.67,2,2.8350000000000000,
52401119930010,4.85,2,2.4250000000000000,2.4600000000000000
52401119930012,5.69,2,2.8450000000000000,
52401119930013,5.73,2,2.8650000000000000,
52401119930016,6.68,2,3.3400000000000000,2.4000000000000000
52401119930017,6.27,2,3.1350000000000000,2.4800000000000000
52401119930018,4.62,2,2.3100000000000000,
52401119930023,5.18,2,2.5900000000000000,2.5500000000000000
52401119930025,5.23,2,2.6150000000000000,2.5000000000000000
52401119930026,6.20,2,3.1000000000000000,
52401119930030,5.80,2,2.9000000000000000,
52401119930032,6.45,2,3.2250000000000000,2.3800000000000000
52401119930034,6.25,2,3.1250000000000000,
52401119930042,5.86,2,2.9300000000000000,2.4100000000000000
52401119930044,5.40,2,2.7000000000000000,
52401119930045,5.95,2,2.9750000000000000,
52401119930046,5.39,2,2.6950000000000000,
52401119930047,6.31,2,3.1550000000000000,
52401119930051,6.17,2,3.0850000000000000,
52401119930052,5.71,2,2.8550000000000000,2.5500000000000000
52401119930054,5.53,2,2.7650000000000000,
52401119930055,6.29,2,3.1450000000000000,
52401119930057,6.21,2,3.1050000000000000,
52401119930060,6.04,2,3.0200000000000000,
52401119930061,5.72,2,2.8600000000000000,
52401119930062,6.44,2,3.2200000000000000,
52401120610002,8.30,3,2.7666666666666667,2.5000000000000000
52401120610004,8.25,3,2.7500000000000000,
52401120610005,5.31,2,2.6550000000000000,
52401120610006,5.44,2,2.7200000000000000,
52401120610007,8.45,2,4.2250000000000000,
52401120610008,6.42,2,3.2100000000000000,
52401120610009,5.03,2,2.5150000000000000,
52401120610010,11.75,3,3.9166666666666667,2.3840000000000000
52401120610011,8.72,3,2.9066666666666667,
52401120610012,7.79,2,3.8950000000000000,
52401120610013,8.09,3,2.6966666666666667,2.5000000000000000
52401120610015,8.48,2,4.2400000000000000,
52401120610016,7.93,2,3.9650000000000000,2.7000000000000000
52401120610017,3.24,1,3.2400000000000000,
52401120610018,6.42,2,3.2100000000000000,
52401120630001,5.92,2,2.9600000000000000,2.4600000000000000
52401120630003,6.00,2,3.0000000000000000,2.6000000000000000
52401120630004,5.61,2,2.8050000000000000,2.4000000000000000
52401120630005,6.48,2,3.2400000000000000,2.6000000000000000
52401120630009,7.74,2,3.8700000000000000,
52401120630018,6.86,2,3.4300000000000000,2.1500000000000000
52401120630021,7.67,3,2.5566666666666667,
52401120630023,7.85,3,2.6166666666666667,
52401120810001,6.78,1,6.7800000000000000,
52401120810002,5.68,2,2.8400000000000000,
52401120810003,4.80,2,2.4000000000000000,
52401120830001,6.23,2,3.1150000000000000,
52401120830002,6.60,2,3.3000000000000000,
52401120830003,5.33,2,2.6650000000000000,
52401120830004,5.99,2,2.9950000000000000,
52401120830005,5.83,2,2.9150000000000000,
52401120830006,6.33,2,3.1650000000000000,
52401120830007,6.44,2,3.2200000000000000,2.5000000000000000
52401120830008,6.27,2,3.1350000000000000,
52401120830009,3.98,2,1.9900000000000000,2.4600000000000000
52401120830010,6.27,2,3.1350000000000000,
52401120830011,5.29,2,2.6450000000000000,2.7000000000000000
52401120830012,5.74,2,2.8700000000000000,2.4000000000000000
52401120830013,4.90,1,4.9000000000000000,
52401120830014,6.08,2,3.0400000000000000,
52401120830015,6.36,2,3.1800000000000000,2.4100000000000000
52401120830016,6.40,2,3.2000000000000000,
52401120830017,6.45,2,3.2250000000000000,
52401120830018,6.60,2,3.3000000000000000,2.5700000000000000
52401120830019,5.77,2,2.8850000000000000,
52401120830020,6.36,2,3.1800000000000000,
52401120830021,6.27,2,3.1350000000000000,
52401120830022,6.13,2,3.0650000000000000,
52401120830023,5.47,2,2.7350000000000000,2.7300000000000000
52401120830024,5.67,2,2.8350000000000000,
52401120830025,6.56,2,3.2800000000000000,
52401120830026,5.16,2,2.5800000000000000,
52401120830027,6.15,2,3.0750000000000000,
52401120830028,6.48,3,2.1600000000000000,
52401120830029,5.25,2,2.6250000000000000,
52401120830030,6.28,2,3.1400000000000000,
52401120830031,6.03,2,3.0150000000000000,
52401124130001,5.98,2,2.9900000000000000,
52401124130002,6.44,2,3.2200000000000000,
52401124130003,6.66,2,3.3300000000000000,2.6800000000000000
52401124130004,5.69,2,2.8450000000000000,2.5000000000000000
52401124130005,5.90,2,2.9500000000000000,
52401124130006,5.55,2,2.7750000000000000,
52401124130007,5.75,2,2.8750000000000000,2.5000000000000000
52401124130008,5.86,2,2.9300000000000000,
52401124130009,6.18,2,3.0900000000000000,
52401124130010,6.09,2,3.0450000000000000,2.6000000000000000
52401124130011,5.88,2,2.9400000000000000,
52401124130012,6.70,2,3.3500000000000000,
52401124130013,7.05,2,3.5250000000000000,
52401124130014,6.02,2,3.0100000000000000,
52401124130015,7.15,2,3.5750000000000000,
52401124130016,5.54,2,2.7700000000000000,2.5000000000000000
52401124130017,5.90,2,2.9500000000000000,
52401124130018,6.88,2,3.4400000000000000,
52401124130019,5.83,2,2.9150000000000000,2.4000000000000000
52401124130020,5.42,2,2.7100000000000000,
52401124130021,6.61,2,3.3050000000000000,2.5100000000000000
52401124130022,7.19,2,3.5950000000000000,
52401124130023,6.41,2,3.2050000000000000,
52401124130024,6.72,2,3.3600000000000000,
52401124130025,6.66,2,3.3300000000000000,2.6200000000000000
52401124130026,4.51,2,2.2550000000000000,
52401124130027,6.00,2,3.0000000000000000,2.6000000000000000
52401124130028,0.36,1,0.36000000000000000000,2.5500000000000000
52401124210001,2.77,1,2.7700000000000000,
52401124230001,8.20,3,2.7333333333333333,
52401124230002,6.05,2,3.0250000000000000,
52401124230003,7.29,2,3.6450000000000000,
52401124230004,8.05,3,2.6833333333333333,2.4000000000000000
52401124230005,9.83,3,3.2766666666666667,2.5000000000000000
52401124230006,3.52,1,3.5200000000000000,
52401124230007,5.78,2,2.8900000000000000,2.4500000000000000
52401124230008,8.63,3,2.8766666666666667,
52401124230009,5.51,2,2.7550000000000000,
52401124230010,5.90,2,2.9500000000000000,
52401124230011,6.18,2,3.0900000000000000,2.7000000000000000
52401124230012,5.45,2,2.7250000000000000,
52401124310001,5.83,2,2.9150000000000000,
52401124320001,5.66,2,2.8300000000000000,
52401124330001,5.02,2,2.5100000000000000,2.5900000000000000
52401124330002,6.02,2,3.0100000000000000,
52401124330004,5.67,2,2.8350000000000000,2.3600000000000000
52401124330006,0.66,1,0.66000000000000000000,
52401124330007,5.85,2,2.9250000000000000,
52401124330008,5.16,2,2.5800000000000000,
52401124330009,6.04,2,3.0200000000000000,
52401124330010,5.59,2,2.7950000000000000,
52401124330012,4.24,1,4.2400000000000000,
52401124330014,5.36,2,2.6800000000000000,
52401124330015,1.30,1,1.30000000000000000000,
52401124330016,5.99,2,2.9950000000000000,
52401124330017,5.92,2,2.9600000000000000,
52401124330018,6.00,2,3.0000000000000000,
52401124330019,5.09,2,2.5450000000000000,
52401124330020,2.67,1,2.6700000000000000,
52401124330021,5.23,2,2.6150000000000000,
52401124330026,5.84,2,2.9200000000000000,2.6000000000000000
52401124330028,3.78,1,3.7800000000000000,
52401124330029,6.48,2,3.2400000000000000,
52401124330030,6.02,2,3.0100000000000000,2.7700000000000000
52401124330031,6.04,2,3.0200000000000000,2.1100000000000000
52401124330032,6.41,2,3.2050000000000000,2.5000000000000000
52401124330033,5.08,2,2.5400000000000000,2.7200000000000000
52401124330035,5.45,2,2.7250000000000000,
52401124330036,4.64,4,1.16000000000000000000,
52401124330037,4.36,1,4.3600000000000000,2.3300000000000000
52401124330038,4.38,1,4.3800000000000000,
52401124330039,4.25,1,4.2500000000000000,
52401124330040,5.91,2,2.9550000000000000,
52401124330041,4.06,1,4.0600000000000000,2.4500000000000000
52401124330042,4.96,2,2.4800000000000000,
52401124330044,6.02,2,3.0100000000000000,2.3600000000000000
52401124330046,5.62,2,2.8100000000000000,
52401124410001,32.30,1,32.3000000000000000,
52401124410002,29.63,1,29.6300000000000000,
52401124410003,16.40,6,2.7333333333333333,
52401124410005,14.93,5,2.9860000000000000,
52401124410007,15.33,5,3.0660000000000000,
52401124410009,14.60,1,14.6000000000000000,
52401124410011,21.59,6,3.5983333333333333,
52401124410019,14.69,1,14.6900000000000000,
52401124410020,15.41,1,15.4100000000000000,
52401124410021,15.99,1,15.9900000000000000,
52401124410023,16.32,1,16.3200000000000000,
52401124410024,16.45,3,5.4833333333333333,
52401124410026,14.93,5,2.9860000000000000,
52401124420002,3.72,1,3.7200000000000000,
52401124510001,6.85,3,2.2833333333333333,
52401124530001,9.01,3,3.0033333333333333,2.8400000000000000
52401125510001,10.94,4,2.7350000000000000,
52401125510002,5.84,2,2.9200000000000000,
52401125530001,5.87,2,2.9350000000000000,2.3900000000000000
52401125530002,5.59,2,2.7950000000000000,2.4000000000000000
52401125530003,4.35,1,4.3500000000000000,2.2300000000000000
52401125530004,8.19,2,4.0950000000000000,2.3600000000000000
52401125530005,5.98,2,2.9900000000000000,
52401125530006,6.48,2,3.2400000000000000,
52401125530007,6.14,2,3.0700000000000000,
52401125530008,6.11,2,3.0550000000000000,2.3800000000000000
52401125530009,6.30,2,3.1500000000000000,
52401125530010,6.73,2,3.3650000000000000,
52401125530011,6.51,2,3.2550000000000000,
52401125530012,5.54,2,2.7700000000000000,2.4000000000000000
52401125530013,6.15,2,3.0750000000000000,
52401125530014,6.71,2,3.3550000000000000,
52401125530015,4.65,1,4.6500000000000000,2.3800000000000000
52401125530016,5.86,2,2.9300000000000000,
52401125530017,7.77,2,3.8850000000000000,2.4200000000000000
52401125530018,8.21,3,2.7366666666666667,2.3600000000000000
52401125530019,11.91,4,2.9775000000000000,2.4078571428571429
52401125530020,5.98,2,2.9900000000000000,
52401125530021,6.04,2,3.0200000000000000,
52401125530022,6.78,2,3.3900000000000000,2.7000000000000000
52401125530023,27.65,10,2.7650000000000000,2.3018518518518519
52401125530024,6.55,2,3.2750000000000000,
52401125530025,5.03,1,5.0300000000000000,
52401125530026,8.23,2,4.1150000000000000,2.3180000000000000
52401125530027,5.60,2,2.8000000000000000,
52401125530028,6.48,2,3.2400000000000000,2.6000000000000000
52401125530029,5.67,2,2.8350000000000000,
52401125530030,6.85,2,3.4250000000000000,2.6400000000000000
52401125530031,5.65,2,2.8250000000000000,
52401125530032,5.69,2,2.8450000000000000,2.6000000000000000
52401125530033,8.02,3,2.6733333333333333,2.3080000000000000
52401125530034,6.31,2,3.1550000000000000,
52401125530035,5.49,2,2.7450000000000000,
52401126210001,7.74,2,3.8700000000000000,
52401126210002,6.41,2,3.2050000000000000,
52401126210003,5.24,2,2.6200000000000000,
52401126210004,7.60,2,3.8000000000000000,2.5700000000000000
52401126210005,7.07,2,3.5350000000000000,
52401126210006,7.38,2,3.6900000000000000,
52401126210007,7.34,2,3.6700000000000000,
52401126220001,5.57,2,2.7850000000000000,
52401126230001,5.31,2,2.6550000000000000,
52401126230002,6.49,2,3.2450000000000000,
52401126230003,5.50,2,2.7500000000000000,
52401126230004,6.25,2,3.1250000000000000,2.7000000000000000
52401126230005,5.75,2,2.8750000000000000,
52401126230006,5.37,2,2.6850000000000000,2.5000000000000000
52401126230007,5.79,2,2.8950000000000000,
52401126230008,5.99,2,2.9950000000000000,
52401126230009,6.27,2,3.1350000000000000,
52401126230010,6.15,2,3.0750000000000000,
52401126230011,6.23,2,3.1150000000000000,2.7000000000000000
52401126230012,6.09,2,3.0450000000000000,2.5200000000000000
52401126230013,5.80,2,2.9000000000000000,
52401126230014,6.28,2,3.1400000000000000,
52401126230015,5.92,2,2.9600000000000000,
52401126230016,5.89,2,2.9450000000000000,
52401126230017,5.91,2,2.9550000000000000,2.5200000000000000
52401126230018,5.79,2,2.8950000000000000,
52401126230019,5.92,2,2.9600000000000000,
52401126230020,5.67,2,2.8350000000000000,
52401126230021,6.22,2,3.1100000000000000,2.7000000000000000
52401126230022,7.29,2,3.6450000000000000,2.4000000000000000
52401126230023,6.23,2,3.1150000000000000,
52401126230024,6.01,2,3.0050000000000000,2.6000000000000000
52401126230025,6.23,2,3.1150000000000000,
52401126230026,5.75,2,2.8750000000000000,2.6000000000000000
52401126230027,5.45,2,2.7250000000000000,
52401126230028,6.32,2,3.1600000000000000,2.3900000000000000
52401126230029,6.30,2,3.1500000000000000,
52401126230030,6.38,2,3.1900000000000000,
52401126230031,5.59,2,2.7950000000000000,2.6000000000000000
52401126310001,6.17,2,3.0850000000000000,2.6400000000000000
52401126330001,5.90,2,2.9500000000000000,
52401126330002,9.29,3,3.0966666666666667,2.6000000000000000
52401126330003,9.17,2,4.5850000000000000,
52401126330004,5.97,2,2.9850000000000000,
52401126330005,6.74,2,3.3700000000000000,2.7300000000000000
52401126330006,6.18,2,3.0900000000000000,
52401126330007,5.91,2,2.9550000000000000,
52401126330008,9.22,3,3.0733333333333333,2.2900000000000000
52401126330009,9.20,3,3.0666666666666667,2.4000000000000000
52401126330010,9.06,2,4.5300000000000000,
52401126330011,5.93,2,2.9650000000000000,2.7000000000000000
52401126330012,9.44,3,3.1466666666666667,
52401126330013,6.23,2,3.1150000000000000,
52401126330014,9.53,3,3.1766666666666667,2.3000000000000000
52401126330015,5.84,2,2.9200000000000000,
52401126330016,6.48,2,3.2400000000000000,
52401126330017,5.84,2,2.9200000000000000,2.6200000000000000
52401126330018,5.87,2,2.9350000000000000,
52401126330019,5.71,2,2.8550000000000000,
52401126330020,5.23,2,2.6150000000000000,
52401126330021,5.71,2,2.8550000000000000,
52401126330022,5.91,2,2.9550000000000000,2.6000000000000000
52401126330023,8.06,2,4.0300000000000000,2.4850000000000000
52401126330024,9.13,3,3.0433333333333333,2.5500000000000000
52401126330025,5.85,2,2.9250000000000000,2.7400000000000000
52401126330026,5.60,2,2.8000000000000000,2.6800000000000000
52401126330027,5.78,2,2.8900000000000000,
52401126330028,6.51,2,3.2550000000000000,2.4600000000000000
52401126330029,6.18,2,3.0900000000000000,
52401126330030,6.52,2,3.2600000000000000,2.3400000000000000
52401126330031,5.81,2,2.9050000000000000,
52401126330032,5.44,2,2.7200000000000000,
52401126330033,5.71,2,2.8550000000000000,
52401126330034,5.99,2,2.9950000000000000,
52401126330035,5.96,2,2.9800000000000000,
52401126330036,6.32,2,3.1600000000000000,
52401126410001,5.50,2,2.7500000000000000,
52401126410002,5.59,2,2.7950000000000000,
52401126410003,14.67,5,2.9340000000000000,
52401126410004,4.84,2,2.4200000000000000,
52401126410005,5.89,2,2.9450000000000000,
52401126410006,6.56,2,3.2800000000000000,
52401126410007,4.55,2,2.2750000000000000,
52401126430001,5.72,2,2.8600000000000000,
52401126430002,6.21,2,3.1050000000000000,
52401126430003,8.47,3,2.8233333333333333,2.3900000000000000
52401126430004,5.74,2,2.8700000000000000,
52401126430005,5.43,2,2.7150000000000000,2.5400000000000000
52401126430006,7.29,2,3.6450000000000000,
52401126430007,6.63,2,3.3150000000000000,
52401126430008,6.11,2,3.0550000000000000,
52401126430009,4.64,2,2.3200000000000000,
52401126430010,5.97,2,2.9850000000000000,
52401126430011,5.78,2,2.8900000000000000,2.4000000000000000
52401126430012,4.64,1,4.6400000000000000,
52401126430013,5.01,2,2.5050000000000000,2.4600000000000000
52401126430014,5.33,2,2.6650000000000000,
52401126430015,5.37,2,2.6850000000000000,2.6000000000000000
52401126430016,5.61,2,2.8050000000000000,2.5000000000000000
52401126430017,5.44,2,2.7200000000000000,2.4000000000000000
52401126430018,3.96,1,3.9600000000000000,2.3000000000000000
52401126430019,6.83,2,3.4150000000000000,
52401126430020,5.59,2,2.7950000000000000,
52401126430021,6.23,2,3.1150000000000000,2.9800000000000000
52401126430022,6.19,2,3.0950000000000000,
52401126430023,5.01,1,5.0100000000000000,2.4000000000000000
52401126430024,6.25,2,3.1250000000000000,2.3000000000000000
52401126430025,5.73,2,2.8650000000000000,
52401126430026,3.62,1,3.6200000000000000,
52401126430027,6.07,2,3.0350000000000000,
52401126430028,5.32,2,2.6600000000000000,
52401126430029,5.29,2,2.6450000000000000,2.3400000000000000
52401126430030,8.12,2,4.0600000000000000,
52401126430031,4.90,2,2.4500000000000000,2.7000000000000000
52401126430032,6.49,2,3.2450000000000000,
52401126430033,5.87,2,2.9350000000000000,2.5400000000000000
52401126430034,5.26,2,2.6300000000000000,
52401126430035,4.43,1,4.4300000000000000,
52401126510001,6.13,2,3.0650000000000000,
52401126530001,5.74,2,2.8700000000000000,2.4600000000000000
52401126530002,6.39,2,3.1950000000000000,2.7000000000000000
52401126530003,6.28,2,3.1400000000000000,2.6700000000000000
52401126530004,6.26,2,3.1300000000000000,
52401126530005,6.13,2,3.0650000000000000,
52401126530006,6.14,2,3.0700000000000000,
52401126530007,6.16,2,3.0800000000000000,
52401126530008,5.26,2,2.6300000000000000,2.5600000000000000
52401126530009,6.07,2,3.0350000000000000,2.5400000000000000
52401126530010,5.91,2,2.9550000000000000,
52401126530011,5.84,2,2.9200000000000000,
52401126530012,5.45,2,2.7250000000000000,
52401126530013,8.56,3,2.8533333333333333,2.9600000000000000
52401126530014,6.04,2,3.0200000000000000,
52401126530015,4.48,2,2.2400000000000000,
52401126530016,6.18,2,3.0900000000000000,
52401126530017,6.32,2,3.1600000000000000,
52401126530018,6.38,2,3.1900000000000000,
52401126530019,5.99,2,2.9950000000000000,
52401126530020,6.08,2,3.0400000000000000,2.3000000000000000
52401126530021,5.86,2,2.9300000000000000,
52401126530022,6.06,2,3.0300000000000000,2.3000000000000000
52401126530023,5.93,2,2.9650000000000000,
52401126530024,6.42,2,3.2100000000000000,
52401126530025,5.57,2,2.7850000000000000,
52401126530026,0.15,1,0.15000000000000000000,
52401126530027,5.56,2,2.7800000000000000,2.3800000000000000
52401126530028,5.96,2,2.9800000000000000,2.6500000000000000
52401126530029,7.60,2,3.8000000000000000,2.3180000000000000
52401126530030,5.96,2,2.9800000000000000,
52401126530031,6.22,2,3.1100000000000000,
52401126530032,5.89,2,2.9450000000000000,
52401126530033,6.29,2,3.1450000000000000,
52401126530034,5.17,2,2.5850000000000000,
52401126530035,5.93,2,2.9650000000000000,
52401126530036,6.58,2,3.2900000000000000,
52401126530037,5.84,2,2.9200000000000000,
52401126530038,5.89,2,2.9450000000000000,
52401126530039,6.25,2,3.1250000000000000,
52401126530040,5.84,2,2.9200000000000000,2.6000000000000000
52401126530041,5.55,2,2.7750000000000000,
52401126530042,5.83,2,2.9150000000000000,
52401126530043,5.00,2,2.5000000000000000,
52401126530044,5.91,2,2.9550000000000000,2.5400000000000000
52401126530045,6.38,2,3.1900000000000000,
52401127010001,5.84,2,2.9200000000000000,
52401127030001,6.23,2,3.1150000000000000,
52401127030002,5.33,2,2.6650000000000000,
52401127030003,6.08,2,3.0400000000000000,
52401127030004,6.18,2,3.0900000000000000,
52401127030005,6.18,2,3.0900000000000000,
52401127030006,6.68,2,3.3400000000000000,
52401127030007,6.00,2,3.0000000000000000,
52401127030008,6.26,2,3.1300000000000000,
52401127030009,10.05,4,2.5125000000000000,2.3333333333333333
52401127030010,6.44,2,3.2200000000000000,
52401127030011,6.09,2,3.0450000000000000,2.4000000000000000
52401127030012,7.78,2,3.8900000000000000,
52401127030013,5.53,2,2.7650000000000000,
52401127030014,6.04,2,3.0200000000000000,
52401127030015,6.38,2,3.1900000000000000,
52401127030016,6.15,2,3.0750000000000000,
52401127030017,6.60,2,3.3000000000000000,
52401127310001,5.72,2,2.8600000000000000,
52401127330001,2.90,1,2.9000000000000000,2.4320000000000000
52401127410002,7.10,2,3.5500000000000000,
52401127410003,5.01,2,2.5050000000000000,
52401127410004,9.57,3,3.1900000000000000,
52401127410005,10.39,2,5.1950000000000000,
52401127410006,7.99,2,3.9950000000000000,
52401127410007,9.02,1,9.0200000000000000,
52401127410008,8.82,3,2.9400000000000000,
52401127410009,7.73,3,2.5766666666666667,
52401127410010,10.58,4,2.6450000000000000,
52401127410011,11.07,3,3.6900000000000000,
52401127410012,11.25,3,3.7500000000000000,2.5900000000000000
52401127410013,11.93,4,2.9825000000000000,
52401127410014,11.22,4,2.8050000000000000,2.7300000000000000
52401127410015,10.77,3,3.5900000000000000,
52401127410016,8.41,1,8.4100000000000000,
52401127410017,11.18,3,3.7266666666666667,2.6100000000000000
52401127410018,3.39,1,3.3900000000000000,
52401127420001,8.27,3,2.7566666666666667,
52401127420002,9.60,3,3.2000000000000000,
52401127430001,5.88,2,2.9400000000000000,
52401127430002,5.93,2,2.9650000000000000,2.6300000000000000
52401127430004,5.73,2,2.8650000000000000,
52401127430005,4.79,1,4.7900000000000000,2.3100000000000000
52401127430006,4.50,1,4.5000000000000000,
52401127430007,6.52,2,3.2600000000000000,2.5000000000000000
52401127430008,5.22,2,2.6100000000000000,
52401127430009,5.36,2,2.6800000000000000,
52401127430010,3.99,2,1.9950000000000000,
52401127430011,4.41,1,4.4100000000000000,
52401127430012,6.75,2,3.3750000000000000,
52401127430013,6.33,2,3.1650000000000000,2.5600000000000000
52401127430014,6.02,2,3.0100000000000000,
52401127430015,5.26,2,2.6300000000000000,
52401127430016,5.58,2,2.7900000000000000,
52401127430017,6.05,2,3.0250000000000000,
52401127430018,6.32,2,3.1600000000000000,
52401127430019,5.08,2,2.5400000000000000,2.1500000000000000
52401127430020,5.38,2,2.6900000000000000,
52401127430021,4.68,1,4.6800000000000000,2.5000000000000000
52401127430022,4.89,1,4.8900000000000000,
52401127430023,4.84,3,1.6133333333333333,2.7000000000000000
52401127430024,6.47,2,3.2350000000000000,2.4800000000000000
52401127430025,6.49,2,3.2450000000000000,
52401127430026,7.08,2,3.5400000000000000,2.5000000000000000
52401127430027,5.78,2,2.8900000000000000,
52401127430028,5.43,2,2.7150000000000000,2.4000000000000000
52401127430029,6.20,2,3.1000000000000000,2.4100000000000000
52401127430030,6.82,2,3.4100000000000000,2.5600000000000000
52401127430031,4.84,1,4.8400000000000000,
52401127430032,6.43,2,3.2150000000000000,
52401127430033,5.01,1,5.0100000000000000,2.6000000000000000
52401127430034,5.21,2,2.6050000000000000,
52401127430035,4.76,1,4.7600000000000000,
52401127430036,5.96,2,2.9800000000000000,2.5000000000000000
52401127430037,5.66,2,2.8300000000000000,
52401127430038,5.21,2,2.6050000000000000,2.5700000000000000
52401127430039,4.97,2,2.4850000000000000,2.4000000000000000
52401127430040,5.72,2,2.8600000000000000,
52401127430041,6.33,2,3.1650000000000000,2.5900000000000000
52401127430042,7.01,2,3.5050000000000000,
52401127510001,6.00,2,3.0000000000000000,
52401127510002,7.01,3,2.3366666666666667,
52401127510003,6.47,1,6.4700000000000000,
52401127510004,8.71,1,8.7100000000000000,
52401127510005,4.38,1,4.3800000000000000,
52401127510006,11.64,1,11.6400000000000000,
52401127510007,10.70,1,10.7000000000000000,
52401127510008,6.91,2,3.4550000000000000,
52401127510009,11.93,1,11.9300000000000000,
52401127510010,10.47,2,5.2350000000000000,
52401127510012,11.64,1,11.6400000000000000,
52401127510013,11.22,3,3.7400000000000000,
52401127510014,8.47,1,8.4700000000000000,
52401127510015,9.08,1,9.0800000000000000,
52401127520001,28.04,12,2.3366666666666667,
52401127530002,12.78,4,3.1950000000000000,
52401127530003,6.19,2,3.0950000000000000,2.5200000000000000
52401127530005,12.37,4,3.0925000000000000,
52401127530008,5.95,2,2.9750000000000000,
52401127530011,6.58,2,3.2900000000000000,
52401127530016,6.66,2,3.3300000000000000,
52401127530017,6.34,2,3.1700000000000000,
52401127530018,5.25,2,2.6250000000000000,2.3000000000000000
52401127530019,5.32,2,2.6600000000000000,
52401127530020,5.97,2,2.9850000000000000,
52401127530022,6.08,2,3.0400000000000000,
52401127530023,5.19,2,2.5950000000000000,2.5000000000000000
52401127530025,5.94,2,2.9700000000000000,2.5000000000000000
52401127530027,5.79,2,2.8950000000000000,
52401127530030,5.97,2,2.9850000000000000,
52401127530031,0.36,2,0.18000000000000000000,2.3000000000000000
52401128110001,5.74,2,2.8700000000000000,
52401128110002,4.97,1,4.9700000000000000,
52401128110003,12.07,4,3.0175000000000000,2.5000000000000000
52401128110004,13.09,4,3.2725000000000000,
52401128110005,10.05,1,10.0500000000000000,
52401128110006,8.02,2,4.0100000000000000,2.4000000000000000
52401128110007,8.96,3,2.9866666666666667,
52401128110008,8.16,3,2.7200000000000000,
52401128110009,6.20,2,3.1000000000000000,
52401128110010,9.55,3,3.1833333333333333,
52401128130001,5.27,1,5.2700000000000000,
52401128130002,5.23,2,2.6150000000000000,
52401128130003,11.91,5,2.3820000000000000,
52401128310001,6.66,2,3.3300000000000000,
52401128310002,4.86,2,2.4300000000000000,
52401128310003,10.63,3,3.5433333333333333,2.7200000000000000
52401128310004,10.91,3,3.6366666666666667,
52401128310005,10.42,3,3.4733333333333333,2.6500000000000000
52401128310006,9.65,1,9.6500000000000000,
52401128310007,8.70,3,2.9000000000000000,
52401128310008,7.34,4,1.8350000000000000,
52401128310009,7.78,2,3.8900000000000000,
52401128310010,10.80,3,3.6000000000000000,2.5800000000000000
52401128310011,6.85,2,3.4250000000000000,2.7000000000000000
52401128310012,9.61,1,9.6100000000000000,
52401128310013,8.45,2,4.2250000000000000,
52401128310014,8.56,3,2.8533333333333333,
52401128310015,8.60,3,2.8666666666666667,2.6000000000000000
52401128310016,11.12,4,2.7800000000000000,
52401128310017,9.70,3,3.2333333333333333,
52401128310018,8.07,3,2.6900000000000000,
52401128320002,8.64,3,2.8800000000000000,
52401128330001,4.94,2,2.4700000000000000,
52401128330002,5.71,2,2.8550000000000000,
52401128330003,5.92,2,2.9600000000000000,2.6500000000000000
52401128330004,6.70,2,3.3500000000000000,2.8200000000000000
52401128330005,4.24,2,2.1200000000000000,
52401128330006,5.85,2,2.9250000000000000,
52401128330007,5.58,2,2.7900000000000000,
52401128330008,4.27,2,2.1350000000000000,2.3000000000000000
52401128330009,6.97,2,3.4850000000000000,
52401128330010,5.35,2,2.6750000000000000,
52401128330011,5.14,2,2.5700000000000000,2.4000000000000000
52401128330012,6.60,2,3.3000000000000000,2.9000000000000000
52401128330013,5.21,2,2.6050000000000000,
52401128330014,7.46,2,3.7300000000000000,
52401128330015,5.20,2,2.6000000000000000,2.5000000000000000
52401128330016,5.98,2,2.9900000000000000,
52401128330017,5.15,2,2.5750000000000000,2.3000000000000000
52401128330018,6.22,2,3.1100000000000000,
52401128330019,5.92,2,2.9600000000000000,
52401128330020,5.69,2,2.8450000000000000,2.5600000000000000
52401128330021,5.92,2,2.9600000000000000,2.5400000000000000
52401128330022,6.33,2,3.1650000000000000,2.4000000000000000
52401128330023,5.04,2,2.5200000000000000,2.4000000000000000
52401128330024,6.09,2,3.0450000000000000,
52401128330025,11.84,3,3.9466666666666667,2.5760000000000000
52401128330026,6.66,2,3.3300000000000000,2.5100000000000000
52401128330027,6.64,2,3.3200000000000000,2.7000000000000000
52401128330028,6.84,2,3.4200000000000000,
52401128330029,5.38,2,2.6900000000000000,2.4000000000000000
52401128330030,5.45,2,2.7250000000000000,2.5000000000000000
52401128410001,10.92,3,3.6400000000000000,
52401128410002,7.14,1,7.1400000000000000,
52401128410003,30.97,1,30.9700000000000000,
52401128410004,7.95,3,2.6500000000000000,
52401128410005,7.10,1,7.1000000000000000,
52401128410006,12.26,5,2.4520000000000000,
52401128410007,6.70,1,6.7000000000000000,
52401128410008,6.32,1,6.3200000000000000,
52401128410009,6.95,1,6.9500000000000000,
52401128410010,14.65,2,7.3250000000000000,
52401128410011,14.37,4,3.5925000000000000,
52401128410013,6.48,2,3.2400000000000000,
52401128410015,44.73,1,44.7300000000000000,
52401128410016,6.48,2,3.2400000000000000,
52401128410017,6.53,1,6.5300000000000000,
52401128430001,6.64,2,3.3200000000000000,
52401128510007,28.69,9,3.1877777777777778,
52401128830001,4.53,1,4.5300000000000000,
52401128830002,8.20,3,2.7333333333333333,
52401128830003,4.93,1,4.9300000000000000,2.4000000000000000
52401128830004,4.66,1,4.6600000000000000,
52401128830005,4.35,1,4.3500000000000000,
52401128830006,6.54,2,3.2700000000000000,
52401128830007,7.68,2,3.8400000000000000,2.4300000000000000
52401128830008,5.97,2,2.9850000000000000,
52401128830009,5.53,2,2.7650000000000000,
52401128830010,5.08,1,5.0800000000000000,
52401128830011,4.27,2,2.1350000000000000,2.2600000000000000
52401128830012,4.56,1,4.5600000000000000,2.3300000000000000
52401128830013,5.67,2,2.8350000000000000,
52401128830014,4.84,1,4.8400000000000000,
52401128830015,4.70,1,4.7000000000000000,2.3000000000000000
52401128830016,5.13,2,2.5650000000000000,2.3300000000000000
52401128830017,4.80,1,4.8000000000000000,2.4000000000000000
52401128830018,5.46,2,2.7300000000000000,
52401128830019,5.88,2,2.9400000000000000,
52401128830020,5.40,2,2.7000000000000000,
52401128830021,5.71,2,2.8550000000000000,
52401128830022,7.56,2,3.7800000000000000,
52401128830023,4.99,2,2.4950000000000000,2.2000000000000000
52401128830024,6.14,2,3.0700000000000000,
52401128830025,5.35,2,2.6750000000000000,
52401128830026,7.41,2,3.7050000000000000,
52401128830027,5.41,2,2.7050000000000000,
52401128830028,4.97,2,2.4850000000000000,
52401128830029,5.42,2,2.7100000000000000,
52401128830030,6.05,2,3.0250000000000000,2.7000000000000000
52401128830031,6.28,2,3.1400000000000000,2.5200000000000000
52401128830032,5.57,2,2.7850000000000000,2.1000000000000000
52401128830033,5.01,2,2.5050000000000000,
52401128830034,4.59,1,4.5900000000000000,2.3300000000000000
52401128830035,8.30,3,2.7666666666666667,2.0600000000000000
52401128830036,5.45,2,2.7250000000000000,
52401128830037,4.64,1,4.6400000000000000,2.3300000000000000
52401128830038,5.59,2,2.7950000000000000,2.5900000000000000
52401128830039,4.45,1,4.4500000000000000,
52401128830040,9.62,3,3.2066666666666667,2.4700000000000000
52401128830041,7.75,2,3.8750000000000000,2.7500000000000000
52401128830042,8.49,2,4.2450000000000000,2.2700000000000000
52401128830043,5.55,2,2.7750000000000000,2.4700000000000000
52401128830044,5.89,2,2.9450000000000000,
52401128830045,6.50,2,3.2500000000000000,
52401128830046,7.54,2,3.7700000000000000,
52401128830047,5.27,2,2.6350000000000000,
52401128830048,7.88,2,3.9400000000000000,2.7900000000000000
52401128830049,5.23,2,2.6150000000000000,
52401128830050,5.12,2,2.5600000000000000,2.3800000000000000
52401128830051,8.98,3,2.9933333333333333,2.5000000000000000
52401128830052,6.34,2,3.1700000000000000,
52401128910001,6.84,2,3.4200000000000000,2.4600000000000000
52401128910002,8.00,3,2.6666666666666667,
52401128910003,5.67,2,2.8350000000000000,
52401128910004,9.13,2,4.5650000000000000,
52401128910005,5.63,2,2.8150000000000000,
52401128930001,5.25,2,2.6250000000000000,2.4500000000000000
52401128930002,6.62,2,3.3100000000000000,
52401128930003,5.11,2,2.5550000000000000,2.4600000000000000
52401128930004,5.50,2,2.7500000000000000,2.4300000000000000
52401128930005,6.18,2,3.0900000000000000,2.7000000000000000
52401128930006,5.25,2,2.6250000000000000,2.4000000000000000
52401128930007,5.67,2,2.8350000000000000,2.3400000000000000
52401128930008,5.75,2,2.8750000000000000,2.4300000000000000
52401128930009,5.25,2,2.6250000000000000,2.3400000000000000
52401128930010,5.44,2,2.7200000000000000,
52401128930011,5.96,2,2.9800000000000000,2.4000000000000000
52401128930012,6.44,2,3.2200000000000000,
52401128930013,6.41,2,3.2050000000000000,2.7000000000000000
52401128930014,5.98,2,2.9900000000000000,
52401128930015,6.45,2,3.2250000000000000,
52401128930016,2.28,1,2.2800000000000000,3.4300000000000000
52401128930017,6.71,2,3.3550000000000000,2.7700000000000000
52401128930018,6.50,2,3.2500000000000000,2.4500000000000000
52401128930019,6.28,2,3.1400000000000000,
52401128930020,5.30,2,2.6500000000000000,2.7000000000000000
52401128930021,6.00,2,3.0000000000000000,
52401128930022,4.50,2,2.2500000000000000,
52401128930023,5.29,2,2.6450000000000000,
52401128930024,6.47,2,3.2350000000000000,2.5000000000000000
52401128930025,4.93,1,4.9300000000000000,
52401128930026,5.85,2,2.9250000000000000,
52401128930027,5.74,2,2.8700000000000000,
52401128930028,5.56,2,2.7800000000000000,
52401128930029,4.96,1,4.9600000000000000,2.5000000000000000
52401128930030,0.09,1,0.09000000000000000000,
52401128930031,7.74,2,3.8700000000000000,
52401128930032,5.68,2,2.8400000000000000,
52401128930033,4.75,1,4.7500000000000000,
52401128930034,4.43,1,4.4300000000000000,
52401128930035,6.41,2,3.2050000000000000,
52401128930036,5.91,2,2.9550000000000000,2.4600000000000000
52401128930037,5.22,2,2.6100000000000000,
52401128930038,5.35,2,2.6750000000000000,
52401129230001,4.22,1,4.2200000000000000,
52401129810001,5.11,1,5.1100000000000000,
52401129810002,4.30,1,4.3000000000000000,
52401129830001,6.07,2,3.0350000000000000,2.5500000000000000
52401129830002,5.86,2,2.9300000000000000,
52401129830003,5.98,2,2.9900000000000000,
52401129830004,5.29,2,2.6450000000000000,
52401129830005,5.02,2,2.5100000000000000,
52401129830006,5.01,2,2.5050000000000000,
52401129830007,5.10,2,2.5500000000000000,2.3500000000000000
52401129830008,6.10,2,3.0500000000000000,
52401129830009,5.17,2,2.5850000000000000,2.4400000000000000
52401129830010,5.41,2,2.7050000000000000,2.2000000000000000
52401129830011,4.99,1,4.9900000000000000,2.4400000000000000
52401129830012,5.37,2,2.6850000000000000,
52401129830013,6.01,2,3.0050000000000000,
52401129830014,5.39,2,2.6950000000000000,
52401129830015,6.02,2,3.0100000000000000,
52401129830016,4.73,1,4.7300000000000000,
52401129830017,5.25,2,2.6250000000000000,2.3000000000000000
52401129830018,6.18,2,3.0900000000000000,
52401129830019,5.29,2,2.6450000000000000,
52401129830020,5.78,2,2.8900000000000000,
52401129830021,5.81,2,2.9050000000000000,
52401129830022,4.66,2,2.3300000000000000,2.5700000000000000
52401129830023,4.43,2,2.2150000000000000,
52401129830024,4.91,1,4.9100000000000000,
52401129830025,5.75,2,2.8750000000000000,2.5500000000000000
52401129830026,5.99,2,2.9950000000000000,
52401129830027,6.30,2,3.1500000000000000,2.5200000000000000
52401129830028,5.41,2,2.7050000000000000,
52401129830029,5.91,2,2.9550000000000000,2.4300000000000000
52401129830030,6.00,2,3.0000000000000000,
52401129830031,5.73,2,2.8650000000000000,
52401129830032,4.95,2,2.4750000000000000,
52401129830033,6.34,2,3.1700000000000000,2.5500000000000000
52401129830034,5.18,2,2.5900000000000000,
52401129830035,6.19,2,3.0950000000000000,2.8400000000000000
52401129830036,6.08,2,3.0400000000000000,2.4500000000000000
52401129830037,4.92,2,2.4600000000000000,2.5200000000000000
52401130030001,6.24,2,3.1200000000000000,
52401130030002,6.52,2,3.2600000000000000,2.5200000000000000
52401130030003,6.56,2,3.2800000000000000,
52401130030004,6.90,2,3.4500000000000000,
52401130030005,5.70,2,2.8500000000000000,2.5500000000000000
52401130030006,6.49,2,3.2450000000000000,
52401130030007,6.29,2,3.1450000000000000,
52401130030008,6.83,2,3.4150000000000000,2.5000000000000000
52401130030009,6.03,2,3.0150000000000000,
52401130030010,6.30,2,3.1500000000000000,
52401130030011,6.52,2,3.2600000000000000,2.4100000000000000
52401130030012,6.45,2,3.2250000000000000,
52401130030013,6.03,2,3.0150000000000000,
52401130030014,6.30,2,3.1500000000000000,
52401130030015,6.33,2,3.1650000000000000,
52401130030016,6.83,2,3.4150000000000000,
52401130030017,6.81,2,3.4050000000000000,2.3400000000000000
52401130030018,7.05,2,3.5250000000000000,2.4900000000000000
52401130030019,6.88,2,3.4400000000000000,2.5000000000000000
52401130030020,6.72,2,3.3600000000000000,2.4100000000000000
52401130030021,6.34,2,3.1700000000000000,
52401130030022,6.06,2,3.0300000000000000,2.4100000000000000
52401130030023,6.53,2,3.2650000000000000,2.4900000000000000
52401130030024,6.73,2,3.3650000000000000,
52401130030025,6.39,2,3.1950000000000000,
52401130030026,6.83,2,3.4150000000000000,2.4000000000000000
52401130030027,6.27,2,3.1350000000000000,
52401130030028,6.36,2,3.1800000000000000,
52401130030029,6.78,2,3.3900000000000000,2.4900000000000000
52401130030030,6.06,2,3.0300000000000000,
52401130210001,5.55,2,2.7750000000000000,
52401130210002,2.60,1,2.6000000000000000,
52401130230001,6.37,2,3.1850000000000000,
52401130230002,6.86,2,3.4300000000000000,
52401130230003,5.33,2,2.6650000000000000,
52401130230004,5.43,2,2.7150000000000000,
52401130230005,6.17,2,3.0850000000000000,
52401130230006,6.05,2,3.0250000000000000,
52401130230007,5.93,2,2.9650000000000000,
52401130230008,6.20,2,3.1000000000000000,
52401130230009,6.24,2,3.1200000000000000,2.5200000000000000
52401130230010,4.34,1,4.3400000000000000,2.4500000000000000
52401130230011,5.75,2,2.8750000000000000,
52401130230012,6.36,2,3.1800000000000000,
52401130230013,2.65,1,2.6500000000000000,
52401130230014,6.43,2,3.2150000000000000,
52401130230015,5.40,2,2.7000000000000000,
52401130230016,0.22,1,0.22000000000000000000,
52401130230017,7.94,2,3.9700000000000000,
52401130230018,4.70,2,2.3500000000000000,2.3900000000000000
52401130230019,5.68,2,2.8400000000000000,2.4400000000000000
52401130230020,5.94,2,2.9700000000000000,
52401130230021,7.15,2,3.5750000000000000,
52401130230022,6.68,2,3.3400000000000000,2.5000000000000000
52401130230023,5.30,2,2.6500000000000000,2.4400000000000000
52401130230024,5.49,2,2.7450000000000000,
52401130230025,5.22,2,2.6100000000000000,
52401130230026,5.87,2,2.9350000000000000,2.6000000000000000
52401130230027,6.52,2,3.2600000000000000,
52401130230028,5.53,2,2.7650000000000000,2.5000000000000000
52401130230029,5.70,2,2.8500000000000000,2.4000000000000000
52401130230030,5.20,2,2.6000000000000000,2.3900000000000000
52401130230031,5.39,2,2.6950000000000000,
52401130230032,5.02,2,2.5100000000000000,2.4400000000000000
52401130230033,5.22,2,2.6100000000000000,2.2200000000000000
52401130230034,6.16,2,3.0800000000000000,
52401130230035,6.63,2,3.3150000000000000,
52401130230036,6.72,2,3.3600000000000000,2.5300000000000000
52401130230037,6.07,2,3.0350000000000000,
52401130230038,6.52,2,3.2600000000000000,2.3000000000000000
52401130230039,7.13,2,3.5650000000000000,
52401130230040,6.22,2,3.1100000000000000,
52401130230041,5.56,2,2.7800000000000000,2.4500000000000000
52401130230042,6.27,2,3.1350000000000000,
52401130230043,5.42,2,2.7100000000000000,2.4500000000000000
52401130230044,5.98,2,2.9900000000000000,
52401130230045,6.19,2,3.0950000000000000,
52401130230046,6.02,2,3.0100000000000000,2.5500000000000000
52401130230047,4.94,2,2.4700000000000000,2.6300000000000000
52401130230048,6.18,2,3.0900000000000000,
52401130230049,6.57,2,3.2850000000000000,
52401130230050,4.89,1,4.8900000000000000,2.5300000000000000
52401130230051,5.81,2,2.9050000000000000,2.3000000000000000
52401130230052,5.18,2,2.5900000000000000,2.3900000000000000
52401130230053,5.48,2,2.7400000000000000,
52401130230054,5.41,2,2.7050000000000000,2.4000000000000000
52401130230055,5.85,2,2.9250000000000000,
52401130230056,4.98,2,2.4900000000000000,2.4900000000000000
52401130230057,5.48,2,2.7400000000000000,2.5000000000000000
52401130230058,6.47,2,3.2350000000000000,2.5400000000000000
52401130230059,6.06,2,3.0300000000000000,
52401130230060,5.36,2,2.6800000000000000,
52401130230061,6.30,2,3.1500000000000000,
52401130230062,5.85,2,2.9250000000000000,2.5000000000000000
52401130230063,6.19,2,3.0950000000000000,
52401130230064,5.53,2,2.7650000000000000,
52401130230065,6.79,2,3.3950000000000000,2.5000000000000000
52401130230066,5.52,2,2.7600000000000000,2.4000000000000000
52401130230067,6.01,2,3.0050000000000000,
52401130230068,5.59,2,2.7950000000000000,2.3200000000000000
52401130230069,6.17,2,3.0850000000000000,
52401130230070,7.09,2,3.5450000000000000,2.4000000000000000
52401130230071,5.30,2,2.6500000000000000,2.5200000000000000
52401130230072,6.90,2,3.4500000000000000,2.3200000000000000
52401130230073,4.63,2,2.3150000000000000,
52401130230074,6.11,2,3.0550000000000000,
52401130230075,6.87,2,3.4350000000000000,
52401130230076,6.39,2,3.1950000000000000,
52401130230077,7.16,2,3.5800000000000000,2.7800000000000000
52401130230078,6.74,2,3.3700000000000000,
52401130230079,6.18,2,3.0900000000000000,2.4400000000000000
52401130230080,4.36,1,4.3600000000000000,
52401130230081,5.79,2,2.8950000000000000,
52401130230082,7.28,2,3.6400000000000000,
52401130230083,5.65,2,2.8250000000000000,2.6000000000000000
52401130230084,5.85,2,2.9250000000000000,2.4500000000000000
52401130230085,5.80,2,2.9000000000000000,2.3600000000000000
52401130230086,5.78,2,2.8900000000000000,2.4900000000000000
52401131030001,6.15,2,3.0750000000000000,
52401131030002,6.93,2,3.4650000000000000,
52401131030005,6.00,2,3.0000000000000000,2.3500000000000000
52401131030006,7.38,2,3.6900000000000000,
52401131030007,7.29,2,3.6450000000000000,
52401131030008,5.21,2,2.6050000000000000,
52401131030009,8.98,3,2.9933333333333333,2.4400000000000000
52401131030010,6.92,2,3.4600000000000000,
52401131030013,6.78,2,3.3900000000000000,
52401131030014,4.53,2,2.2650000000000000,
52401131030015,5.52,2,2.7600000000000000,
52401131030016,7.69,3,2.5633333333333333,
52401131030017,9.26,4,2.3150000000000000,2.4450000000000000
52401131030018,6.15,2,3.0750000000000000,2.3000000000000000
52401131030019,6.18,2,3.0900000000000000,
52401131030021,7.71,2,3.8550000000000000,2.6750000000000000
52401131030022,5.13,2,2.5650000000000000,
52401131030023,6.24,2,3.1200000000000000,
52401131030024,6.58,2,3.2900000000000000,
52401131030026,6.99,2,3.4950000000000000,
52401131030028,7.52,2,3.7600000000000000,
52401131030031,5.07,2,2.5350000000000000,
52401131030032,7.43,2,3.7150000000000000,
52401131030033,7.79,2,3.8950000000000000,
52401131030034,7.73,2,3.8650000000000000,
52401131030035,6.04,2,3.0200000000000000,
52401131030036,6.08,2,3.0400000000000000,2.3000000000000000
52401131030037,5.82,2,2.9100000000000000,
52401131030038,4.66,1,4.6600000000000000,
52401131030039,7.12,2,3.5600000000000000,2.3400000000000000
52401131030041,6.31,2,3.1550000000000000,
52401131030042,7.35,2,3.6750000000000000,
52401131030043,7.55,2,3.7750000000000000,
52401131030044,6.92,2,3.4600000000000000,
52401131030047,4.62,2,2.3100000000000000,
52401131030048,6.95,2,3.4750000000000000,2.6800000000000000
52401131030049,2.97,1,2.9700000000000000,
52401131030050,8.58,3,2.8600000000000000,2.4240000000000000
52401131030051,6.13,2,3.0650000000000000,
52401131030052,5.27,2,2.6350000000000000,2.3300000000000000
52401131030053,7.26,2,3.6300000000000000,
52401131030054,6.00,2,3.0000000000000000,
52401131110001,8.17,1,8.1700000000000000,
52401131110002,7.75,2,3.8750000000000000,
52401131110003,7.21,2,3.6050000000000000,
52401131110004,7.52,2,3.7600000000000000,
52401131110005,3.50,2,1.7500000000000000,
52401131110006,4.96,1,4.9600000000000000,
52401131130001,6.17,2,3.0850000000000000,
52401131130002,6.15,2,3.0750000000000000,
52401131130003,6.90,2,3.4500000000000000,
52401131130004,6.26,2,3.1300000000000000,2.5900000000000000
52401131130005,6.86,2,3.4300000000000000,2.4100000000000000
52401131130006,4.80,2,2.4000000000000000,
52401131130007,6.23,2,3.1150000000000000,2.5400000000000000
52401131130008,6.48,2,3.2400000000000000,2.6000000000000000
52401131130009,6.72,2,3.3600000000000000,2.6000000000000000
52401131130010,5.17,2,2.5850000000000000,
52401131130011,7.11,2,3.5550000000000000,
52401131130012,5.16,2,2.5800000000000000,2.6000000000000000
52401131130013,6.66,2,3.3300000000000000,
52401131130014,5.57,2,2.7850000000000000,
52401131130015,6.58,2,3.2900000000000000,
52401131130016,6.12,2,3.0600000000000000,2.3000000000000000
52401131130017,6.30,2,3.1500000000000000,2.4500000000000000
52401131130018,5.01,2,2.5050000000000000,
52401131130019,6.67,2,3.3350000000000000,
52401131130020,5.49,2,2.7450000000000000,
52401131130021,7.37,2,3.6850000000000000,
52401131130022,5.91,2,2.9550000000000000,
52401131130023,6.91,2,3.4550000000000000,
52401131130024,8.47,3,2.8233333333333333,2.4000000000000000
52401131130025,6.18,2,3.0900000000000000,
52401131130026,5.91,2,2.9550000000000000,
52401131130027,6.63,2,3.3150000000000000,
52401131130028,5.80,2,2.9000000000000000,2.4100000000000000
52401131130029,6.47,2,3.2350000000000000,2.4500000000000000
52401131130030,5.69,2,2.8450000000000000,2.5700000000000000
52401131130031,8.77,2,4.3850000000000000,2.5600000000000000
52401131130032,7.10,2,3.5500000000000000,
52401131130033,5.36,2,2.6800000000000000,
52401131130034,5.68,2,2.8400000000000000,
52401131130035,6.61,2,3.3050000000000000,
52401131130036,8.11,2,4.0550000000000000,
52401131130037,4.72,2,2.3600000000000000,
52401131130038,5.31,2,2.6550000000000000,
52401131130039,7.61,2,3.8050000000000000,
52401131130040,7.23,2,3.6150000000000000,2.7300000000000000
52401131130041,5.78,2,2.8900000000000000,
52401131130042,5.59,2,2.7950000000000000,
52401131130043,9.79,4,2.4475000000000000,2.3657142857142857
52401131130044,2.70,1,2.7000000000000000,2.3500000000000000
52401131130045,6.59,2,3.2950000000000000,
52401131130046,6.38,2,3.1900000000000000,
52401131130047,5.34,2,2.6700000000000000,2.5900000000000000
52401131130048,7.39,2,3.6950000000000000,
52401131130049,7.28,2,3.6400000000000000,
52401131130050,5.46,2,2.7300000000000000,
52401131130051,6.28,2,3.1400000000000000,
52401131130052,8.07,3,2.6900000000000000,
52401131130053,7.26,2,3.6300000000000000,
52401131130054,6.20,2,3.1000000000000000,
52401131130055,6.25,2,3.1250000000000000,
52401131130056,7.13,2,3.5650000000000000,
52401131130057,3.05,1,3.0500000000000000,
52401131130058,7.20,2,3.6000000000000000,2.7300000000000000
52401131130059,5.10,2,2.5500000000000000,2.4500000000000000
52401131130060,7.06,2,3.5300000000000000,
52401131130061,5.40,2,2.7000000000000000,2.3900000000000000
52401131130062,6.86,2,3.4300000000000000,2.4100000000000000
52401131130063,4.50,2,2.2500000000000000,2.4000000000000000
52401131130064,4.03,2,2.0150000000000000,
52401131130065,7.45,2,3.7250000000000000,
52401131130066,5.16,2,2.5800000000000000,2.5000000000000000
52401131130067,6.98,2,3.4900000000000000,2.4300000000000000
52401131130068,5.07,2,2.5350000000000000,
52401131130069,5.72,2,2.8600000000000000,
52401131130070,6.91,2,3.4550000000000000,2.4000000000000000
52401131130071,5.11,2,2.5550000000000000,
52401131130072,6.94,2,3.4700000000000000,
52401131130073,5.76,2,2.8800000000000000,
52401131130074,4.68,2,2.3400000000000000,
52401131130075,5.18,1,5.1800000000000000,
52401131130076,8.57,2,4.2850000000000000,2.7100000000000000
52401131130077,7.16,2,3.5800000000000000,
52401131130078,6.91,2,3.4550000000000000,
52401131130079,5.27,1,5.2700000000000000,
52401131130080,5.41,2,2.7050000000000000,
52401131130081,5.88,2,2.9400000000000000,2.4000000000000000
52401131130082,7.05,2,3.5250000000000000,2.4000000000000000
52401131130083,6.82,2,3.4100000000000000,
52401131130084,6.44,2,3.2200000000000000,
52401131130085,6.33,2,3.1650000000000000,
52401131130086,6.69,2,3.3450000000000000,2.5900000000000000
52401131130087,8.97,3,2.9900000000000000,2.7100000000000000
52401131130088,6.32,2,3.1600000000000000,2.6000000000000000
52401131130089,6.95,2,3.4750000000000000,
52401131130090,4.79,2,2.3950000000000000,
52401131130091,6.83,2,3.4150000000000000,
52401131230011,6.84,2,3.4200000000000000,2.4700000000000000
52401131230013,5.44,2,2.7200000000000000,
52401131230016,5.82,2,2.9100000000000000,
52401131230017,5.85,2,2.9250000000000000,
52401131230018,5.25,2,2.6250000000000000,
52401131230023,5.62,2,2.8100000000000000,2.6000000000000000
52401131230036,6.70,2,3.3500000000000000,
52401131230037,6.28,2,3.1400000000000000,
52401131230043,7.79,4,1.9475000000000000,2.3800000000000000
52401131230044,6.15,2,3.0750000000000000,
52401131230045,2.49,1,2.4900000000000000,
52401131230051,6.06,2,3.0300000000000000,
52401131230052,5.56,2,2.7800000000000000,
52401131230056,5.23,2,2.6150000000000000,
52401131230057,6.60,2,3.3000000000000000,
52401131230058,6.33,2,3.1650000000000000,2.4800000000000000
52401131230068,4.76,2,2.3800000000000000,2.6000000000000000
52401131430001,5.47,2,2.7350000000000000,
52401131430002,6.97,2,3.4850000000000000,2.3100000000000000
52401131430003,4.99,1,4.9900000000000000,
52401131430004,4.97,2,2.4850000000000000,2.4200000000000000
52401131430005,7.00,2,3.5000000000000000,
52401131430006,6.09,2,3.0450000000000000,2.6200000000000000
52401131430007,8.06,2,4.0300000000000000,2.5000000000000000
52401131430008,5.44,2,2.7200000000000000,2.4000000000000000
52401131430009,5.94,2,2.9700000000000000,
52401131430010,6.77,2,3.3850000000000000,
52401131430011,5.63,2,2.8150000000000000,
52401131430012,6.61,2,3.3050000000000000,
52401131430013,6.40,2,3.2000000000000000,
52401131430014,5.33,2,2.6650000000000000,
52401131430015,5.56,2,2.7800000000000000,2.4000000000000000
52401131430016,5.36,2,2.6800000000000000,
52401131430017,10.02,3,3.3400000000000000,3.0100000000000000
52401131430018,5.24,2,2.6200000000000000,
52401131430019,5.05,2,2.5250000000000000,2.4200000000000000
52401131430020,6.98,2,3.4900000000000000,2.8000000000000000
52401131430021,6.49,2,3.2450000000000000,
52401131430022,5.42,2,2.7100000000000000,2.5200000000000000
52401131430023,5.21,2,2.6050000000000000,2.4000000000000000
52401131430024,4.23,1,4.2300000000000000,
52401131430025,4.83,1,4.8300000000000000,2.3300000000000000
52401131430026,5.74,2,2.8700000000000000,
52401131430027,4.67,1,4.6700000000000000,
52401131430028,4.72,1,4.7200000000000000,
52401131430029,6.03,2,3.0150000000000000,
52401131430030,9.16,3,3.0533333333333333,
52401131430031,4.62,1,4.6200000000000000,2.4500000000000000
52401131430032,5.53,2,2.7650000000000000,
52401131430033,5.37,2,2.6850000000000000,
52401131430034,5.29,2,2.6450000000000000,
52401131430035,5.51,2,2.7550000000000000,22.4000000000000000
52401131430036,5.11,1,5.1100000000000000,
52401131430037,7.43,3,2.4766666666666667,2.2000000000000000
52401131430038,5.12,1,5.1200000000000000,
52401131430039,5.08,2,2.5400000000000000,2.8500000000000000
52401131430040,5.81,2,2.9050000000000000,2.5500000000000000
52401131430041,5.40,1,5.4000000000000000,
52401131430042,6.85,2,3.4250000000000000,
52401131430043,6.02,2,3.0100000000000000,2.7000000000000000
52401131430044,6.89,2,3.4450000000000000,2.6700000000000000
52401131430045,5.44,2,2.7200000000000000,
52401131430046,4.73,1,4.7300000000000000,
52401131430047,7.33,2,3.6650000000000000,
52401131430048,4.39,1,4.3900000000000000,
52401131430049,5.05,2,2.5250000000000000,
52401131430050,4.57,1,4.5700000000000000,
52401131430051,5.84,2,2.9200000000000000,2.3500000000000000
52401131430052,5.43,2,2.7150000000000000,
52401131430053,5.83,2,2.9150000000000000,
52401131430054,4.86,1,4.8600000000000000,
52401131430055,7.07,2,3.5350000000000000,2.5400000000000000
52401131430056,6.01,2,3.0050000000000000,
52401131430057,5.65,2,2.8250000000000000,
52401131430058,7.45,2,3.7250000000000000,
52401131430059,6.34,2,3.1700000000000000,
52401131430060,6.04,2,3.0200000000000000,
52401131430061,5.79,2,2.8950000000000000,
52401131430062,5.29,2,2.6450000000000000,
52401131430063,5.87,2,2.9350000000000000,
52401131430064,7.08,2,3.5400000000000000,
52401131430065,5.09,2,2.5450000000000000,
52401131430066,4.31,1,4.3100000000000000,2.5000000000000000
52401131430067,5.56,2,2.7800000000000000,
52401131430068,4.61,1,4.6100000000000000,
52401131430069,5.23,1,5.2300000000000000,2.4000000000000000
52401131430070,7.81,2,3.9050000000000000,
52401131430071,6.03,2,3.0150000000000000,
52401131430072,5.17,2,2.5850000000000000,2.3500000000000000
52401131430073,5.75,2,2.8750000000000000,
52401131430074,5.46,3,1.8200000000000000,2.6000000000000000
52401131430075,5.18,2,2.5900000000000000,2.4000000000000000
52401131430076,5.93,2,2.9650000000000000,
52401131430077,7.01,2,3.5050000000000000,
52401131430078,5.99,2,2.9950000000000000,
52401131430079,4.32,1,4.3200000000000000,
52401131430080,6.58,2,3.2900000000000000,
52401131430081,7.48,2,3.7400000000000000,22.4000000000000000
52401131430082,5.28,2,2.6400000000000000,
52401131530001,8.96,3,2.9866666666666667,2.4000000000000000
52401131530002,6.91,2,3.4550000000000000,
52401131530003,9.32,3,3.1066666666666667,
52401131530004,6.18,2,3.0900000000000000,2.3000000000000000
52401131530005,6.85,2,3.4250000000000000,
52401131530006,6.86,2,3.4300000000000000,
52401131530007,7.11,2,3.5550000000000000,
52401131530008,6.16,2,3.0800000000000000,
52401131530009,5.21,2,2.6050000000000000,
52401131530010,6.74,2,3.3700000000000000,
52401131530011,12.87,5,2.5740000000000000,2.3100000000000000
52401131530012,7.11,2,3.5550000000000000,
52401131530013,6.06,2,3.0300000000000000,2.3000000000000000
52401131530014,4.61,2,2.3050000000000000,2.3000000000000000
52401131530015,6.88,2,3.4400000000000000,
52401131530016,12.46,4,3.1150000000000000,2.3733333333333333
52401131530017,12.35,4,3.0875000000000000,2.4000000000000000
52401131530018,7.00,2,3.5000000000000000,
52401131530019,5.94,2,2.9700000000000000,
52401131530020,5.94,2,2.9700000000000000,
52401131530021,6.83,2,3.4150000000000000,
52401131530022,9.06,3,3.0200000000000000,2.3400000000000000
52401131530023,6.94,2,3.4700000000000000,
52401131530024,6.04,2,3.0200000000000000,2.3000000000000000
52401131530025,6.00,2,3.0000000000000000,
52401131530026,6.90,2,3.4500000000000000,
52401131530027,5.68,2,2.8400000000000000,
52401131530028,6.95,2,3.4750000000000000,
52401131530029,6.81,2,3.4050000000000000,
52401131610001,7.04,13,0.54153846153846153846,
52401131610002,28.55,7,4.0785714285714286,
52401131610003,8.61,2,4.3050000000000000,
52401131610004,12.50,1,12.5000000000000000,
52401131610005,21.86,1,21.8600000000000000,
52401131610006,20.74,1,20.7400000000000000,
52401131610007,8.04,3,2.6800000000000000,
52401131610008,9.08,3,3.0266666666666667,
52401131610009,6.31,1,6.3100000000000000,
52401131610010,8.27,1,8.2700000000000000,
52401131610011,10.87,1,10.8700000000000000,
52401131610012,10.62,3,3.5400000000000000,
52401131910001,3.43,1,3.4300000000000000,
52401132130001,5.52,2,2.7600000000000000,2.2200000000000000
52401132130002,4.87,1,4.8700000000000000,
52401132130003,4.79,1,4.7900000000000000,2.4400000000000000
52401132130004,5.47,2,2.7350000000000000,
52401132130005,6.28,2,3.1400000000000000,
52401132130006,5.46,2,2.7300000000000000,
52401132130007,6.44,2,3.2200000000000000,2.4500000000000000
52401132130008,6.08,2,3.0400000000000000,2.3000000000000000
52401132130009,5.70,2,2.8500000000000000,
52401132130010,6.21,2,3.1050000000000000,2.4500000000000000
52401132130011,5.93,2,2.9650000000000000,2.3000000000000000
52401132130012,4.81,2,2.4050000000000000,2.4900000000000000
52401132130013,5.47,2,2.7350000000000000,
52401132130014,5.23,2,2.6150000000000000,2.6000000000000000
52401132130015,5.21,2,2.6050000000000000,2.2000000000000000
52401132130016,5.81,2,2.9050000000000000,2.2200000000000000
52401132130017,5.84,2,2.9200000000000000,
52401132130018,5.79,2,2.8950000000000000,
52401132130019,4.99,2,2.4950000000000000,
52401132130020,4.99,2,2.4950000000000000,2.4700000000000000
52401132130021,6.10,2,3.0500000000000000,
52401132130022,4.59,2,2.2950000000000000,
52401132130023,5.69,2,2.8450000000000000,2.4500000000000000
52401132130024,4.73,1,4.7300000000000000,2.4400000000000000
52401132130025,4.99,2,2.4950000000000000,
52401132130026,6.03,2,3.0150000000000000,2.3000000000000000
52401132130027,4.61,2,2.3050000000000000,
52401132130028,6.46,2,3.2300000000000000,2.5000000000000000
52401132130029,5.79,2,2.8950000000000000,
52401132130030,5.92,2,2.9600000000000000,2.3000000000000000
52401132130031,5.41,2,2.7050000000000000,2.4700000000000000
52401132130032,6.38,2,3.1900000000000000,
52401132130033,6.42,2,3.2100000000000000,
52401132130034,5.85,2,2.9250000000000000,
52401132130035,5.96,2,2.9800000000000000,
52401132130036,5.19,2,2.5950000000000000,2.4900000000000000
52401132130037,6.21,2,3.1050000000000000,
52401132130038,6.20,2,3.1000000000000000,
52401132130039,6.66,2,3.3300000000000000,2.5000000000000000
52401132130040,5.87,2,2.9350000000000000,
52401132130041,5.78,2,2.8900000000000000,
52401132130042,5.53,2,2.7650000000000000,
52401132130043,5.75,2,2.8750000000000000,
52401132130044,6.35,2,3.1750000000000000,2.4500000000000000
52401132130045,6.54,2,3.2700000000000000,2.4000000000000000
52401132130046,5.64,2,2.8200000000000000,2.4500000000000000
52401132610001,5.35,1,5.3500000000000000,
52401132610002,6.34,2,3.1700000000000000,
52401132610003,6.05,1,6.0500000000000000,
52401132610004,5.46,1,5.4600000000000000,
52401132610005,7.95,2,3.9750000000000000,
52401132610006,6.08,1,6.0800000000000000,
52401132610007,5.98,2,2.9900000000000000,
52401132610008,5.67,1,5.6700000000000000,
52401132610009,6.76,2,3.3800000000000000,
52401132610010,3.28,1,3.2800000000000000,
52401132610011,5.10,2,2.5500000000000000,
52401132610012,6.61,2,3.3050000000000000,
52401132610013,4.58,1,4.5800000000000000,
52401132630001,7.72,2,3.8600000000000000,
52401132630002,5.41,2,2.7050000000000000,2.3200000000000000
52401132630003,5.89,2,2.9450000000000000,2.4000000000000000
52401132630004,5.67,2,2.8350000000000000,
52401132630005,5.39,2,2.6950000000000000,2.5000000000000000
52401132630006,5.29,2,2.6450000000000000,2.3800000000000000
52401132630007,5.86,2,2.9300000000000000,
52401132630008,5.98,2,2.9900000000000000,
52401132630009,5.97,2,2.9850000000000000,
52401132630010,6.41,2,3.2050000000000000,2.4000000000000000
52401132630011,6.16,2,3.0800000000000000,
52401132630012,6.09,2,3.0450000000000000,2.4000000000000000
52401132630013,5.32,2,2.6600000000000000,2.4000000000000000
52401132630014,5.93,2,2.9650000000000000,
52401132630015,5.64,2,2.8200000000000000,
52401132630016,5.32,2,2.6600000000000000,
52401132630017,5.36,2,2.6800000000000000,
52401132630018,4.92,1,4.9200000000000000,
52401132630019,7.28,2,3.6400000000000000,
52401132630020,5.79,2,2.8950000000000000,2.4000000000000000
52401132630021,5.90,2,2.9500000000000000,
52401132630022,4.99,1,4.9900000000000000,
52401132630023,6.21,2,3.1050000000000000,2.3100000000000000
52401132630024,5.37,2,2.6850000000000000,
52401132630025,5.29,2,2.6450000000000000,2.3000000000000000
52401132630026,5.10,2,2.5500000000000000,
52401132630027,5.71,2,2.8550000000000000,2.6300000000000000
52401132630028,5.42,2,2.7100000000000000,
52401132630029,6.44,2,3.2200000000000000,
52401132630030,5.36,2,2.6800000000000000,2.3600000000000000
52401132630031,5.59,2,2.7950000000000000,
52401132630032,6.12,2,3.0600000000000000,2.5700000000000000
52401132630033,5.85,2,2.9250000000000000,
52401132630034,6.28,2,3.1400000000000000,2.4000000000000000
52401132630035,5.15,2,2.5750000000000000,
52401132630036,5.70,2,2.8500000000000000,
52401132630037,5.89,2,2.9450000000000000,
52401132630038,4.92,2,2.4600000000000000,
52401132630039,3.53,1,3.5300000000000000,
52401132630040,4.96,2,2.4800000000000000,
52401132630041,5.02,2,2.5100000000000000,2.3600000000000000
52401132630042,5.33,2,2.6650000000000000,
52401132630043,5.20,2,2.6000000000000000,2.5100000000000000
52401132630044,5.72,2,2.8600000000000000,
52401132630045,6.25,2,3.1250000000000000,2.5100000000000000
52401132630046,5.86,2,2.9300000000000000,
52401132630047,5.78,2,2.8900000000000000,
52401132630048,6.25,2,3.1250000000000000,
52401132630049,6.80,2,3.4000000000000000,2.7700000000000000
52401132630050,5.36,2,2.6800000000000000,22.4000000000000000
52401132630051,5.99,2,2.9950000000000000,
52401132630052,5.58,2,2.7900000000000000,2.3800000000000000
52401132630053,5.15,2,2.5750000000000000,2.3600000000000000
52401132630054,5.99,2,2.9950000000000000,
52401132630055,5.95,2,2.9750000000000000,
52401132630056,5.13,1,5.1300000000000000,2.5000000000000000
52401132630057,5.42,2,2.7100000000000000,2.4500000000000000
52401132630058,5.67,2,2.8350000000000000,
52401132630059,5.86,2,2.9300000000000000,2.4100000000000000
52401132630060,5.73,2,2.8650000000000000,
52401132630061,4.77,2,2.3850000000000000,2.6000000000000000
52401132630062,5.83,2,2.9150000000000000,2.5100000000000000
52401132630063,5.84,2,2.9200000000000000,
52401132630064,6.50,2,3.2500000000000000,
52401132630065,6.00,2,3.0000000000000000,2.4700000000000000
52401132630066,6.14,2,3.0700000000000000,2.6000000000000000
52401132630067,5.13,2,2.5650000000000000,
52401132630068,5.73,2,2.8650000000000000,2.5400000000000000
52401132630069,4.66,2,2.3300000000000000,
52401132630070,5.36,2,2.6800000000000000,
52401132630071,5.90,2,2.9500000000000000,
52401132630072,5.14,1,5.1400000000000000,
52401132630073,5.69,2,2.8450000000000000,
52401132630074,5.21,2,2.6050000000000000,
52401132630075,5.85,2,2.9250000000000000,
52401132630076,6.65,2,3.3250000000000000,2.4700000000000000
52401132630077,5.82,2,2.9100000000000000,
52401132630078,5.69,2,2.8450000000000000,2.3200000000000000
52401132630079,4.63,2,2.3150000000000000,2.4000000000000000
52401132630080,5.57,2,2.7850000000000000,
52401132630081,5.25,2,2.6250000000000000,
52401132630082,6.17,2,3.0850000000000000,
52401132630083,5.65,2,2.8250000000000000,
52401132630084,4.79,1,4.7900000000000000,
52401132630085,5.42,2,2.7100000000000000,
52401132630086,6.76,2,3.3800000000000000,
52401132630087,5.36,2,2.6800000000000000,
52401132630088,5.60,2,2.8000000000000000,
52401132630089,5.92,2,2.9600000000000000,
52401132630090,6.02,2,3.0100000000000000,2.3100000000000000
52401132630091,6.35,2,3.1750000000000000,
52401132630092,5.97,2,2.9850000000000000,2.4300000000000000
52401132630093,5.79,2,2.8950000000000000,
52401132630094,6.07,2,3.0350000000000000,
52401132630095,6.47,2,3.2350000000000000,2.4300000000000000
52401132630096,5.75,2,2.8750000000000000,2.4100000000000000
52401132630097,5.27,1,5.2700000000000000,
52401132630098,5.71,2,2.8550000000000000,
52401132630099,5.55,2,2.7750000000000000,
52401132630100,3.67,1,3.6700000000000000,
52401132630101,5.58,2,2.7900000000000000,
52401132630102,5.65,2,2.8250000000000000,
52401132630103,5.85,2,2.9250000000000000,
52401132630104,5.17,2,2.5850000000000000,
52401132630105,7.53,2,3.7650000000000000,
52401132630106,5.71,2,2.8550000000000000,
52401132630107,5.29,2,2.6450000000000000,
52401132630108,6.15,2,3.0750000000000000,2.5000000000000000
52401132630109,5.34,2,2.6700000000000000,
52401132630110,6.00,2,3.0000000000000000,
52401132630111,5.84,2,2.9200000000000000,
52401132630112,5.03,2,2.5150000000000000,
52401132630113,5.15,2,2.5750000000000000,2.4400000000000000
52401132630114,5.37,2,2.6850000000000000,
52401132630115,5.60,2,2.8000000000000000,
52401132630116,6.50,2,3.2500000000000000,
52401132730001,7.63,2,3.8150000000000000,
52401132730002,6.05,2,3.0250000000000000,
52401132730003,6.14,2,3.0700000000000000,
52401132730004,6.25,2,3.1250000000000000,2.6400000000000000
52401132730005,5.41,2,2.7050000000000000,2.7000000000000000
52401132730006,6.22,2,3.1100000000000000,
52401132730007,6.56,2,3.2800000000000000,2.4000000000000000
52401132730008,5.97,2,2.9850000000000000,
52401132730009,6.70,2,3.3500000000000000,2.4800000000000000
52401132730010,6.64,2,3.3200000000000000,
52401132730011,5.78,2,2.8900000000000000,
52401132730012,5.81,2,2.9050000000000000,
52401132730013,6.05,2,3.0250000000000000,
52401132730014,6.96,2,3.4800000000000000,
52401132730015,6.71,2,3.3550000000000000,
52401132730016,6.67,2,3.3350000000000000,
52401132730017,6.47,2,3.2350000000000000,
52401132730018,5.08,1,5.0800000000000000,
52401132730019,6.78,2,3.3900000000000000,
52401132730020,6.91,2,3.4550000000000000,2.3000000000000000
52401132730021,6.55,2,3.2750000000000000,2.6000000000000000
52401132730022,7.31,2,3.6550000000000000,2.4200000000000000
52401132730023,5.76,2,2.8800000000000000,2.3000000000000000
52401132730024,7.44,2,3.7200000000000000,
52401132730025,7.64,2,3.8200000000000000,
52401132730026,6.61,2,3.3050000000000000,
52401132730027,5.08,2,2.5400000000000000,2.6400000000000000
52401132730028,5.99,2,2.9950000000000000,
52401132730029,6.74,2,3.3700000000000000,1.05000000000000000000
52401132730030,5.72,2,2.8600000000000000,
52401133010001,5.06,2,2.5300000000000000,
52401133030001,5.19,2,2.5950000000000000,2.3600000000000000
52401133030002,6.61,2,3.3050000000000000,
52401133030003,5.54,2,2.7700000000000000,
52401133030004,5.16,2,2.5800000000000000,2.3200000000000000
52401133030005,4.64,1,4.6400000000000000,
52401133030006,5.11,2,2.5550000000000000,2.6000000000000000
52401133030007,5.73,2,2.8650000000000000,
52401133030008,5.53,2,2.7650000000000000,
52401133030009,5.63,2,2.8150000000000000,
52401133510001,12.45,3,4.1500000000000000,2.3775000000000000
52401133530001,12.03,3,4.0100000000000000,2.3866666666666667
52401133530002,12.60,4,3.1500000000000000,2.4147058823529412
52401133530003,19.30,7,2.7571428571428571,2.3750000000000000
52401133530004,19.29,7,2.7557142857142857,2.3671428571428571
52401133530005,11.13,3,3.7100000000000000,
52401133530006,12.40,3,4.1333333333333333,2.3800000000000000
52401133530007,14.75,4,3.6875000000000000,2.4100000000000000
52401133610001,19.90,7,2.8428571428571429,
52401133610002,9.67,3,3.2233333333333333,
52401133610003,9.00,3,3.0000000000000000,
52401133610004,10.31,3,3.4366666666666667,
52401133610005,10.65,1,10.6500000000000000,
52401133610006,10.63,1,10.6300000000000000,
52401133610007,9.38,3,3.1266666666666667,
52401133610008,5.43,2,2.7150000000000000,
52401133610009,10.31,3,3.4366666666666667,2.4400000000000000
52401133610010,11.95,1,11.9500000000000000,
52401133620001,9.40,3,3.1333333333333333,
52401133630001,21.03,8,2.6287500000000000,
52401133630002,15.32,6,2.5533333333333333,
52401133630003,20.16,7,2.8800000000000000,2.3800000000000000
52401133910001,9.41,3,3.1366666666666667,2.3957894736842105
52401133910003,16.96,5,3.3920000000000000,
52401133910004,8.86,1,8.8600000000000000,
52401134110001,19.27,7,2.7528571428571429,
52401134110002,10.72,3,3.5733333333333333,
52401134120002,21.03,7,3.0042857142857143,
52401143210001,19.56,6,3.2600000000000000,
52401143210004,12.54,5,2.5080000000000000,
52401143210005,18.41,6,3.0683333333333333,
52401143210006,4.75,1,4.7500000000000000,
52401143210007,9.43,1,9.4300000000000000,
52401143210008,6.23,1,6.2300000000000000,
52401143210009,15.69,1,15.6900000000000000,
52401143210010,4.95,1,4.9500000000000000,
52401143210011,4.95,2,2.4750000000000000,
52401143210012,11.76,1,11.7600000000000000,
52401143210018,4.84,2,2.4200000000000000,
52401143210019,15.43,2,7.7150000000000000,
52401143210020,4.19,1,4.1900000000000000,
52401143210021,4.92,2,2.4600000000000000,
52401143210028,10.06,1,10.0600000000000000,
52401143210029,11.88,1,11.8800000000000000,
52401143210030,4.33,1,4.3300000000000000,
52401143210031,6.76,2,3.3800000000000000,
52401143210032,4.79,1,4.7900000000000000,
52401143210033,4.79,1,4.7900000000000000,
52401143210034,15.31,1,15.3100000000000000,
52401143210035,9.15,1,9.1500000000000000,
52401143210036,3.82,1,3.8200000000000000,
52401143210040,4.90,2,2.4500000000000000,
52401143210041,4.78,2,2.3900000000000000,
52401143210042,4.85,2,2.4250000000000000,
52401143210043,4.92,1,4.9200000000000000,
52401143210044,4.80,1,4.8000000000000000,
52401143210045,16.48,1,16.4800000000000000,
52401143210047,12.13,2,6.0650000000000000,
52401143210048,4.00,1,4.0000000000000000,
52401143210049,15.71,2,7.8550000000000000,
52401143210050,16.84,2,8.4200000000000000,
52401148720001,4.51,2,2.2550000000000000,
52401148730002,5.60,2,2.8000000000000000,
52401148730004,4.91,2,2.4550000000000000,2.6000000000000000
52401148730005,6.00,2,3.0000000000000000,
52401148730008,5.92,2,2.9600000000000000,
52401148730009,6.17,2,3.0850000000000000,
52401148730010,4.71,1,4.7100000000000000,
52401148730011,5.08,2,2.5400000000000000,
52401148730015,6.17,2,3.0850000000000000,
52401148730016,5.82,2,2.9100000000000000,
52401148730019,5.92,2,2.9600000000000000,
52401148730020,6.48,2,3.2400000000000000,
52401148730022,6.53,2,3.2650000000000000,
52401148730023,6.45,2,3.2250000000000000,2.6100000000000000
52401148730025,5.75,2,2.8750000000000000,2.7500000000000000
52401148730027,6.41,2,3.2050000000000000,
52401148730028,6.38,2,3.1900000000000000,
52401148730029,7.26,2,3.6300000000000000,
52401148830001,6.26,2,3.1300000000000000,2.4100000000000000
52401148830002,5.87,2,2.9350000000000000,
52401148830003,5.06,2,2.5300000000000000,2.3900000000000000
52401148930003,5.30,2,2.6500000000000000,2.4300000000000000
52401148930006,6.10,2,3.0500000000000000,
52401148930007,4.98,2,2.4900000000000000,
52401148930008,5.79,2,2.8950000000000000,2.6000000000000000
52401148930013,5.86,2,2.9300000000000000,2.6800000000000000
52401148930014,5.87,2,2.9350000000000000,
52401148930015,5.49,2,2.7450000000000000,2.6000000000000000
52401148930018,5.71,2,2.8550000000000000,
52401148930019,5.55,2,2.7750000000000000,
52401148930022,5.66,2,2.8300000000000000,
52401148930024,5.74,2,2.8700000000000000,2.2100000000000000
52401148930025,5.93,2,2.9650000000000000,
52401148930026,7.11,2,3.5550000000000000,
52401148930028,6.60,2,3.3000000000000000,
52401148930035,5.59,2,2.7950000000000000,
52401148930036,6.09,2,3.0450000000000000,
52401148930041,6.27,2,3.1350000000000000,
52401149010001,9.50,3,3.1666666666666667,
52401149010003,7.74,2,3.8700000000000000,2.5600000000000000
52401149010009,11.98,4,2.9950000000000000,
52401149010012,8.07,2,4.0350000000000000,
52401149010023,8.29,3,2.7633333333333333,
52401149010026,9.05,3,3.0166666666666667,
52401149010027,6.09,2,3.0450000000000000,
52401149010029,9.33,4,2.3325000000000000,
52401149010030,8.74,3,2.9133333333333333,
52401149020003,2.88,1,2.8800000000000000,
52401149030001,6.42,2,3.2100000000000000,
52401149030002,6.43,2,3.2150000000000000,
52401149030003,12.53,5,2.5060000000000000,
52401149030004,6.45,2,3.2250000000000000,
52401149030005,6.53,2,3.2650000000000000,
52401149030006,5.55,2,2.7750000000000000,
52401149030007,42.93,20,2.1465000000000000,
52401149210002,4.73,2,2.3650000000000000,
52401149210003,4.62,1,4.6200000000000000,
52401149210004,8.60,3,2.8666666666666667,
52401149210005,3.22,1,3.2200000000000000,
52401149230001,6.10,2,3.0500000000000000,2.5000000000000000
52401149230002,5.86,2,2.9300000000000000,
52401149230003,6.64,2,3.3200000000000000,2.6100000000000000
52401149230004,6.27,2,3.1350000000000000,2.5000000000000000
52401149230005,7.17,3,2.3900000000000000,2.3766666666666667
52401149230006,6.08,2,3.0400000000000000,
52401149230007,6.09,2,3.0450000000000000,
52401149230008,7.40,2,3.7000000000000000,2.3800000000000000
52401149230009,9.37,3,3.1233333333333333,
52401149230010,5.35,2,2.6750000000000000,
52401149230011,6.24,2,3.1200000000000000,2.5000000000000000
52401149230012,5.83,2,2.9150000000000000,
52401149230013,5.84,2,2.9200000000000000,
52401149230014,5.98,2,2.9900000000000000,
52401149230015,4.26,1,4.2600000000000000,
52401149230016,6.25,2,3.1250000000000000,
52401149230017,6.14,2,3.0700000000000000,2.5000000000000000
52401149310001,4.12,1,4.1200000000000000,
52401149310002,4.88,2,2.4400000000000000,
52401149330001,6.50,2,3.2500000000000000,2.4000000000000000
52401149330002,6.12,2,3.0600000000000000,
52401149330003,5.67,2,2.8350000000000000,
52401149330004,6.65,2,3.3250000000000000,
52401149330005,6.02,2,3.0100000000000000,2.4600000000000000
52401149330006,2.91,1,2.9100000000000000,
52401149330007,5.36,2,2.6800000000000000,
52401149330008,4.98,2,2.4900000000000000,2.4400000000000000
52401149330009,6.54,2,3.2700000000000000,
52401149330010,5.91,2,2.9550000000000000,2.4600000000000000
52401149330011,5.42,2,2.7100000000000000,2.6000000000000000
52401149330012,6.25,2,3.1250000000000000,
52401149330013,5.75,2,2.8750000000000000,
52401149330014,5.56,2,2.7800000000000000,
52401149330015,6.76,2,3.3800000000000000,2.5000000000000000
52401149330016,6.23,2,3.1150000000000000,
52401149330017,6.27,2,3.1350000000000000,2.3500000000000000
52401149330018,5.83,2,2.9150000000000000,2.4400000000000000
52401149330019,8.10,2,4.0500000000000000,2.3133333333333333
52401149330020,5.70,2,2.8500000000000000,
52401149330021,6.53,2,3.2650000000000000,
52401149330022,6.63,2,3.3150000000000000,2.4400000000000000
52401149330023,6.23,2,3.1150000000000000,
52401149330024,5.44,2,2.7200000000000000,
52401149330025,5.11,2,2.5550000000000000,
52401149330026,6.93,2,3.4650000000000000,2.5000000000000000
52401149330027,6.06,2,3.0300000000000000,
52401149330028,5.14,2,2.5700000000000000,2.4000000000000000
52401149330029,6.17,2,3.0850000000000000,2.4700000000000000
52401149330030,6.15,2,3.0750000000000000,
52401149330031,5.73,2,2.8650000000000000,2.3400000000000000
52401149330032,5.59,2,2.7950000000000000,
52401149330033,5.54,2,2.7700000000000000,
52401149330034,5.67,2,2.8350000000000000,2.3400000000000000
52401149330035,5.62,2,2.8100000000000000,
52401149330036,5.96,2,2.9800000000000000,
52401149330037,6.47,2,3.2350000000000000,
52401149330038,5.86,2,2.9300000000000000,
52401149330039,6.65,2,3.3250000000000000,
52401149330040,6.33,2,3.1650000000000000,
52401149330041,5.59,2,2.7950000000000000,2.3900000000000000
52401149330042,7.16,2,3.5800000000000000,
52401149330043,6.12,2,3.0600000000000000,2.4700000000000000
52401149330044,6.68,2,3.3400000000000000,
52401149330045,4.96,2,2.4800000000000000,2.3400000000000000
52401149330046,5.25,2,2.6250000000000000,
52401149410001,5.95,2,2.9750000000000000,
52401149430001,5.96,2,2.9800000000000000,
52401149430002,6.44,2,3.2200000000000000,
52401149430003,6.21,2,3.1050000000000000,
52401149430004,5.52,2,2.7600000000000000,2.6000000000000000
52401149430005,5.52,2,2.7600000000000000,
52401149430006,6.71,2,3.3550000000000000,
52401149430007,6.13,2,3.0650000000000000,2.4500000000000000
52401149430008,5.92,2,2.9600000000000000,
52401149430009,5.39,2,2.6950000000000000,2.4400000000000000
52401149430010,6.00,2,3.0000000000000000,2.4700000000000000
52401149430011,5.65,2,2.8250000000000000,
52401149430012,6.49,2,3.2450000000000000,
52401149430013,6.51,2,3.2550000000000000,
52401149430014,6.03,2,3.0150000000000000,
52401149430015,5.64,2,2.8200000000000000,
52401149430016,6.12,2,3.0600000000000000,2.4500000000000000
52401149430017,6.63,2,3.3150000000000000,
52401149430018,7.33,2,3.6650000000000000,
52401149430019,5.91,2,2.9550000000000000,
52401149430020,5.96,2,2.9800000000000000,
52401149430021,5.84,2,2.9200000000000000,
52401149430022,6.43,2,3.2150000000000000,2.5800000000000000
52401149430023,5.84,2,2.9200000000000000,
52401149430024,5.94,2,2.9700000000000000,
52401149430025,6.53,2,3.2650000000000000,
52401149430026,5.81,2,2.9050000000000000,
52401149430027,6.97,2,3.4850000000000000,
52401149430028,5.41,2,2.7050000000000000,2.4600000000000000
52401149430029,6.60,2,3.3000000000000000,
52401149430030,6.12,2,3.0600000000000000,
52401149430031,6.08,2,3.0400000000000000,
52401149430032,5.14,2,2.5700000000000000,2.4500000000000000
52401149430033,6.06,2,3.0300000000000000,2.6000000000000000
52401149430034,6.37,2,3.1850000000000000,
52401149430035,5.99,2,2.9950000000000000,
52401149430036,6.49,2,3.2450000000000000,
52401149430037,5.88,2,2.9400000000000000,
52401149430038,6.36,2,3.1800000000000000,2.3300000000000000
52401149430039,5.02,2,2.5100000000000000,2.5000000000000000
52401149430040,6.04,2,3.0200000000000000,
52401149430041,6.07,2,3.0350000000000000,
52401149430042,5.94,2,2.9700000000000000,
52401149430043,5.70,2,2.8500000000000000,
52401149430044,6.58,2,3.2900000000000000,2.2500000000000000
52401149430045,6.67,2,3.3350000000000000,
52401149430046,6.42,2,3.2100000000000000,2.5200000000000000
52401149430047,6.46,2,3.2300000000000000,
52401149430048,5.28,2,2.6400000000000000,
52401149430049,5.59,2,2.7950000000000000,
52401149430050,6.27,2,3.1350000000000000,
52401149510001,5.89,2,2.9450000000000000,
52401149530001,5.32,2,2.6600000000000000,
52401149530002,7.42,3,2.4733333333333333,2.4000000000000000
52401149530003,5.24,2,2.6200000000000000,
52401149530004,5.30,2,2.6500000000000000,
52401149530005,10.35,3,3.4500000000000000,2.2000000000000000
52401149530006,7.23,2,3.6150000000000000,
52401149530007,7.70,2,3.8500000000000000,
52401149530008,6.62,2,3.3100000000000000,
52401149530009,5.71,2,2.8550000000000000,2.3000000000000000
52401149530010,8.89,3,2.9633333333333333,2.4075000000000000
52401149530011,5.00,1,5.0000000000000000,
52401149530012,9.31,3,3.1033333333333333,
52401149530013,4.00,2,2.0000000000000000,2.3700000000000000
52401149530014,7.17,2,3.5850000000000000,
52401149530015,5.31,2,2.6550000000000000,
52401149530016,5.55,2,2.7750000000000000,
52401149530017,8.71,3,2.9033333333333333,2.5000000000000000
52401149530018,7.72,2,3.8600000000000000,2.5000000000000000
52401149530019,5.40,2,2.7000000000000000,
52401149530020,6.45,3,2.1500000000000000,2.4520000000000000
52401149530021,5.02,1,5.0200000000000000,2.6000000000000000
52401149530022,8.58,3,2.8600000000000000,
52401149530023,6.60,2,3.3000000000000000,
52401149530024,5.89,2,2.9450000000000000,
52401149530025,10.28,3,3.4266666666666667,2.4200000000000000
52401149530026,6.19,2,3.0950000000000000,
52401149530027,7.78,2,3.8900000000000000,
52401149530028,5.76,2,2.8800000000000000,
52401149530029,9.85,3,3.2833333333333333,2.9000000000000000
52401149530030,3.97,1,3.9700000000000000,2.6000000000000000
52401149530031,4.82,2,2.4100000000000000,2.4100000000000000
52401149530032,5.80,3,1.9333333333333333,
52401149530033,7.24,3,2.4133333333333333,
52401149530034,7.45,2,3.7250000000000000,
52401149530035,8.77,3,2.9233333333333333,
52401149530036,9.36,3,3.1200000000000000,
52401149530037,6.15,2,3.0750000000000000,
52401149530038,7.13,2,3.5650000000000000,
52401149530039,6.88,2,3.4400000000000000,2.6300000000000000
52401149530040,6.65,2,3.3250000000000000,2.5000000000000000
52401149530041,5.77,2,2.8850000000000000,
52401149530042,5.98,2,2.9900000000000000,
52401149530043,5.60,2,2.8000000000000000,
52401149530044,6.79,2,3.3950000000000000,
52401149530045,4.73,2,2.3650000000000000,
