,nofloors,polygon,shading,height,wwr,construction,age,FLOOR_1: use,FLOOR_2: use,FLOOR_3: use,FLOOR_4: use,FLOOR_5: use,FLOOR_6: use,FLOOR_7: use,FLOOR_8: use,FLOOR_9: use,FLOOR_10: use,FLOOR_11: use,FLOOR_12: use,FLOOR_13: use,FLOOR_14: use,FLOOR_15: use,FLOOR_16: use,FLOOR_17: use,FLOOR_18: use,FLOOR_19: use,FLOOR_20: use,centroid_x,centroid_y,encoded_age,type
52401020910002,2,"POLYGON ((532088.33 164909.35, 532072.6 164899.85, 532078.4 164890.15, 532094.15 164899.55, 532089.18 164907.91, 532088.33 164909.35))",False,8.45,0.08380078818255092,,POST-1980,Office,Office,,,,,,,,,,,,,,,,,,,532083.37932651,164899.73245246845,4.0,nondom
52401020910003,3,"POLYGON ((532081.01 164869, 532086.64 164859.59, 532091.54 164851.4, 532105.19 164859.79, 532103.75 164862.2, 532106.72 164863.97, 532099.69 164875.97, 532094.35 164885.1, 532086.16 164880.21, 532084.05 164878.95, 532077.4 164875.03, 532081.01 164869))",False,6.69,0.13291957137773797,,1918-1939,Office,Office,Office,,,,,,,,,,,,,,,,,,532092.5849300703,164868.40732842946,2.0,nondom
52401021010001,1,"POLYGON ((531990.26 164676.37, 531983.5 164674.2, 531986.35 164665.4, 531993.21 164667.64, 531990.26 164676.37))",False,11.89,0.11558088512188837,,PRE-1914,Office,,,,,,,,,,,,,,,,,,,,531988.3317475546,164670.88985609764,1.0,nondom
52401021810005,2,"POLYGON ((532431.2 164557.13, 532428.55 164561.75, 532427.75 164561.6, 532421.89 164557.83, 532420.6 164557, 532421.15 164555.4, 532416.2 164552.25, 532417.78 164549.17, 532431.2 164557.13))",False,8.62,0.1252348489776673,,PRE-1914,Shop,Shop,,,,,,,,,,,,,,,,,,,532423.9849396183,164555.68727384278,1.0,nondom
52401021810006,3,"POLYGON ((532428.25 164530.64, 532427.05 164533.9, 532439.55 164539.4, 532438.1 164543.85, 532437 164547.05, 532422.45 164540.6, 532422.65 164540.25, 532419.45 164538.4, 532417.25 164537.15, 532420 164529.85, 532418.15 164529.15, 532418.95 164526.9, 532421.1 164527.72, 532428.25 164530.64))",False,8.77,0.15019827301711827,,1945-1980,Office,Office,Office,,,,,,,,,,,,,,,,,,532427.7132145299,164537.5010471595,3.0,nondom
52401021810009,1,"POLYGON ((532276.18 164730.66, 532280.8 164725.05, 532288 164729.4, 532285.35 164732.85, 532288.3 164735.9, 532287.5 164736.7, 532288.35 164737.55, 532285.55 164740.3, 532286.5 164741.3, 532291.21 164736.66, 532295.15 164740.45, 532287.42 164748.17, 532273.35 164734.1, 532276.18 164730.66))",False,3.51,0.17036109263976654,,1918-1939,Office,,,,,,,,,,,,,,,,,,,,532283.7492213747,164736.523816039,2.0,nondom
52401021810011,1,"POLYGON ((532213.85 164545.75, 532208.2 164556.45, 532192.15 164547.8, 532197.65 164537.25, 532204.3 164540.75, 532205.1 164539.3, 532207.9 164540.7, 532207.15 164542.3, 532213.85 164545.75))",False,4.29,0.1071617331263575,,1945-1980,Community,,,,,,,,,,,,,,,,,,,,532203.0555285795,164546.68148025294,3.0,nondom
52401021810012,2,"POLYGON ((532434.75 164550.96, 532437 164547.05, 532422.45 164540.6, 532420.6 164544.65, 532423.74 164546.36, 532425.52 164547.33, 532424.45 164549, 532419.69 164546.41, 532419.3 164546.2, 532417.78 164549.17, 532431.2 164557.13, 532434.14 164552.02, 532434.75 164550.96))",False,9.05,0.08187155539872172,,PRE-1914,Office,Office,,,,,,,,,,,,,,,,,,,532427.7002429898,164548.73704925406,1.0,nondom
52401021810014,1,"POLYGON ((532221.599 164496.181, 532218.837 164494.825, 532209.841 164512.658, 532211.721 164513.601, 532212.615 164514.05, 532213.188 164514.338, 532221.756 164518.639, 532222.184 164517.644, 532223.302 164518.212, 532225.598 164519.378, 532226.952 164516.652, 532231.316 164518.82, 532236.852 164521.57, 532234.726 164525.695, 532235.677 164526.169, 532238.493 164527.572, 532239.896 164528.272, 532240.92 164528.782, 532238.647 164533.345, 532240.27 164534.144, 532242.692 164535.336, 532242.845 164535.171, 532245.369 164536.437, 532244.491 164538.278, 532244.235 164538.816, 532243.433 164540.499, 532247.034 164542.459, 532246.539 164543.3, 532248.71 164544.73, 532250.221 164542.177, 532250.88 164542.63, 532248.96 164545.43, 532248.05 164546.75, 532274.16 164564.38, 532273.3 164565.72, 532275.4 164567.25, 532276.34 164565.86, 532282.55 164570.05, 532286.45 164564.3, 532289.8 164566.5, 532297.05 164555.75, 532285.5 164547.85, 532285.2 164548.3, 532282.7 164546.6, 532282.64 164546.69, 532279.8 164550.9, 532278.63 164550.11, 532270.67 164544.72, 532261 164538.17, 532261.93 164536.8, 532261.35 164536.41, 532255.63 164532.55, 532255.35 164532.97, 532255.071 164533.379, 532253.908 164532.303, 532254.05 164532.091, 532254.968 164530.726, 532256.029 164529.15, 532252.817 164526.961, 532251.269 164525.906, 532249.42 164524.646, 532251.498 164520.474, 532250.963 164520.202, 532243.813 164516.557, 532243.04 164516.163, 532242.505 164515.89, 532242.218 164515.744, 532241.77 164516.597, 532238.868 164515.109, 532241.16 164510.536, 532233.006 164506.394, 532231.891 164505.828, 532231.315 164506.8, 532228.43 164505.287, 532230.685 164500.643, 532221.599 164496.181))",False,4.78,0.12259078908520349,,PRE-1914,Education,,,,,,,,,,,,,,,,,,,,532252.7925206183,164534.88408071996,1.0,nondom
52401021910001,3,"POLYGON ((532421.98 164745.21, 532422.27 164741.12, 532421.05 164740.97, 532411.9 164739.85, 532411.7 164741.35, 532408.85 164741, 532408.7 164742.25, 532407.65 164742.1, 532407.48 164743.55, 532407.3 164745.1, 532408.5 164745.25, 532408.35 164746.45, 532411.4 164746.8, 532411.262 164747.838, 532411.26 164747.85, 532411.26 164747.86, 532411.54 164747.94, 532421.7 164749.3, 532421.98 164745.21))",False,7.31,0.11986133331997689,,1918-1939,Office,Office,Office,,,,,,,,,,,,,,,,,,532415.4657041342,164744.41875351666,2.0,nondom
52401021910003,1,"POLYGON ((532405.6 164698.09, 532406 164693.6, 532417.34 164694.52, 532424.73 164695.12, 532424.21 164700.16, 532406.1 164698.2, 532405.6 164698.09))",False,7.39,0.13589177689339982,,1918-1939,Shop,,,,,,,,,,,,,,,,,,,,532415.2980629974,164696.77002257,2.0,nondom
52401021910008,4,"POLYGON ((532396.93 164680.78, 532394.6 164678.8, 532396.95 164676.05, 532399.2 164677.9, 532400.6 164679.05, 532410.95 164680.08, 532414.6 164680.45, 532425.05 164681, 532425.7 164681.05, 532425.31 164686.8, 532412.95 164685.51, 532409.5 164685.15, 532407.9 164684.9, 532407.05 164684.7, 532399.33 164682.7, 532396.93 164680.78))",False,6.29,0.1573029311010165,,PRE-1914,Shop,Shop,Shop,Shop,,,,,,,,,,,,,,,,,532411.3406352552,164682.32624324583,1.0,nondom
52401021910009,2,"POLYGON ((532400.05 164777.55, 532406.95 164777.76, 532419.91 164778.15, 532419.88 164783.4, 532409.2 164783.35, 532402.45 164783.31, 532400.1 164783.3, 532400.05 164777.55))",False,7.52,0.12278013221096604,,PRE-1914,Office,Office,,,,,,,,,,,,,,,,,,,532409.8360660289,164780.5965832901,1.0,nondom
52401021910010,2,"POLYGON ((532398.9 164759.15, 532403.85 164759.6, 532403.69 164763.51, 532396.55 164762.85, 532394.2 164762.65, 532394.55 164759.61, 532395.05 164755.27, 532395.6 164750.45, 532395.1 164748.15, 532391.2 164746.55, 532388.85 164752.85, 532392.45 164754.25, 532390.94 164758.22, 532383.5 164755.35, 532380.15 164754.05, 532381.5 164750.15, 532365.33 164743.74, 532368.14 164738.59, 532371.01 164733.33, 532371.652 164732.151, 532372.144 164731.253, 532383.957 164737.006, 532400.15 164743.65, 532401.3 164745.31, 532400.76 164749.41, 532399.8 164756.67, 532399.3 164756.6, 532398.9 164759.15))",False,4.7,0.12840060840303885,,PRE-1914,Factory,Factory,,,,,,,,,,,,,,,,,,,532385.1647683483,164746.1966416934,1.0,nondom
52401021910012,1,"POLYGON ((532422.79 164715.36, 532422.78 164715.62, 532421.23 164738.81, 532406.85 164737.25, 532405.35 164737.05, 532393.1 164733.8, 532394.03 164731.28, 532394.91 164728.89, 532399.35 164716.9, 532402.25 164718.15, 532405.85 164718.9, 532406.24 164714.99, 532408.55 164715.1, 532408.65 164714.05, 532412.7 164714.3, 532412.8 164714.75, 532422.79 164715.36))",False,7.71,0.1911863483562674,,1918-1939,Hospitality,,,,,,,,,,,,,,,,,,,,532409.7915594021,164726.7094014402,2.0,nondom
52401021910013,2,"POLYGON ((532379.95 164754.55, 532380.15 164754.05, 532381.5 164750.15, 532365.33 164743.74, 532362.3 164748.35, 532358.95 164755.4, 532362.42 164756.92, 532365 164758.05, 532367.52 164759.15, 532371.27 164760.79, 532371.75 164761, 532374.25 164764.85, 532373.57 164767.03, 532375.57 164767.68, 532378.15 164760, 532379.95 164754.55))",False,4.4,0.10414916713670408,,1945-1980,Factory,Factory,,,,,,,,,,,,,,,,,,,532370.8341302299,164753.86550491024,3.0,nondom
52401021910019,2,"POLYGON ((532392.25 164773.65, 532392.4 164773.7, 532394.2 164769.9, 532400 164771.2, 532400.26 164771.22, 532400.15 164774.6, 532400.05 164777.55, 532400.1 164783.3, 532399.98 164788.73, 532388.25 164788.7, 532391.24 164777.35, 532392.25 164773.65))",False,4.06,0.10191816995793594,,1945-1980,Factory,Factory,,,,,,,,,,,,,,,,,,,532395.267033994,164780.45138161938,3.0,nondom
52401022010001,4,"POLYGON ((532438.99 164727.59, 532439.36 164722.19, 532439.72 164716.84, 532452.15 164717.44, 532452.35 164717.45, 532452.1 164722.85, 532451.85 164728.14, 532438.99 164727.59))",False,11.1,0.11944340897591255,,PRE-1914,Hospitality,Hospitality,Office,Office,,,,,,,,,,,,,,,,,532445.7211299296,164722.5205090782,1.0,nondom
52401022010002,4,"POLYGON ((532442.35 164641.3, 532442.6 164628.65, 532468 164632.19, 532466.4 164641.78, 532465.95 164644.45, 532465.77 164644.43, 532455.8 164643.1, 532442.35 164641.3))",False,7.66,0.11874394656750313,,PRE-1914,Hospitality,Hospitality,Office,Office,,,,,,,,,,,,,,,,,532454.7100941414,164636.5693460906,1.0,nondom
52401022010012,4,"POLYGON ((532451.85 164728.14, 532451.6 164733.55, 532438.63 164732.94, 532438.99 164727.59, 532451.85 164728.14))",False,10.38,0.10597836682072112,,PRE-1914,Shop,Shop,Shop,Shop,,,,,,,,,,,,,,,,,532445.2782639818,164730.55942003685,1.0,nondom
52401022010013,3,"POLYGON ((532455.5 164658.26, 532457.7 164658.4, 532456.99 164664.78, 532447.67 164663.81, 532441.8 164663.2, 532441.95 164657.4, 532455.5 164658.26))",False,9.4,0.696640531212484,,PRE-1914,Shop,Shop,Office,,,,,,,,,,,,,,,,,,532449.7431759953,164660.93885541786,1.0,nondom
52401022010017,3,"POLYGON ((532438.48 164748.4, 532438.4 164743.4, 532438.4 164743.34, 532452.87 164744.02, 532452.59 164748.91, 532438.48 164748.4))",False,8.35,0.14469611122514803,,1918-1939,Shop,Shop,Shop,,,,,,,,,,,,,,,,,,532445.5478987248,164746.1553842956,2.0,nondom
52401022010023,3,"POLYGON ((532452.29 164753.95, 532452 164758.85, 532440.41 164758.16, 532438.6 164756.45, 532438.55 164753.3, 532452.29 164753.95))",False,8.19,0.09658309586129357,,1918-1939,Shop,Shop,Shop,,,,,,,,,,,,,,,,,,532445.5435113331,164755.99575747648,2.0,nondom
52401022010024,4,"POLYGON ((532452.23 164859.68, 532452.2 164861.45, 532451 164861.4, 532450.85 164869.1, 532452.05 164869.1, 532452 164870.95, 532450.8 164870.93, 532439.8 164870.75, 532440.05 164859.45, 532452.23 164859.68))",False,9.43,0.1987504940006542,,1918-1939,Hospitality,Hospitality,Hospitality,Hospitality,,,,,,,,,,,,,,,,,532445.6264235098,164865.2055371296,2.0,nondom
52401022010027,2,"POLYGON ((532469.1 164789.09, 532473.84 164772.86, 532474.11 164771.92, 532488.55 164776.2, 532486.16 164784.02, 532479.7 164805.2, 532478.51 164804.85, 532475.95 164804.1, 532475.35 164805.85, 532476.4 164806.2, 532475.6 164808.65, 532474.87 164808.43, 532469.6 164806.85, 532470.85 164802.5, 532465.65 164800.92, 532469.1 164789.09))",False,5.35,0.127302138548711,,1945-1980,Shop,Shop,,,,,,,,,,,,,,,,,,,532476.8023399758,164789.45617238435,3.0,nondom
52401120610004,3,"POLYGON ((532458.78 164575.39, 532459.85 164575.7, 532459.35 164577.55, 532465.1 164579.25, 532464.03 164582.81, 532449.25 164578.6, 532450.39 164572.94, 532458.78 164575.39))",False,8.25,0.0879539979796409,,PRE-1914,Shop,Shop,Shop,,,,,,,,,,,,,,,,,,532456.5390684787,164577.98035700293,1.0,nondom
52401120610005,2,"POLYGON ((532494 164557.05, 532497.25 164558.45, 532494.95 164563.5, 532493.9 164563, 532484.1 164558.65, 532485.2 164554.95, 532486.1 164555.35, 532486.5 164553.55, 532494 164557.05))",False,5.31,0.09579817524733084,,POST-1980,Office,Office,,,,,,,,,,,,,,,,,,,532490.6019183953,164558.52324693493,4.0,nondom
52401120610008,3,"POLYGON ((532467.39 164542.34, 532471.19 164543.47, 532484.04 164547.3, 532480.95 164558.08, 532476.75 164556.86, 532470.9 164555.15, 532471.91 164551.67, 532472.75 164548.8, 532467.7 164547.3, 532467.2 164549.05, 532469.7 164549.8, 532469.4 164550.95, 532466.85 164550.2, 532455.83 164546.95, 532457.9 164539.55, 532467.39 164542.34))",False,6.42,0.12993364383619418,,PRE-1914,Shop,Shop,Warehouse,,,,,,,,,,,,,,,,,,532470.9440286794,164548.22817536772,1.0,nondom
52401120610009,2,"POLYGON ((532488.35 164543.55, 532495.8 164546.85, 532494.75 164553.35, 532494.7 164553.32, 532494.66 164553.3, 532486.75 164549.4, 532488.35 164543.55))",False,5.03,0.12580295455880916,,POST-1980,Office,Office,,,,,,,,,,,,,,,,,,,532491.4404000115,164548.34507937703,4.0,nondom
52401120610015,3,"POLYGON ((532467.87 164513.21, 532482.86 164517.47, 532482.1 164520.2, 532477.6 164519, 532476.83 164521.73, 532465.52 164518.32, 532465.65 164518, 532467.15 164514.7, 532467.87 164513.21))",False,8.48,0.09507364116217384,,PRE-1914,Shop,Shop,Shop,,,,,,,,,,,,,,,,,,532473.5445895822,164517.5442615122,1.0,nondom
52401120810001,2,"POLYGON ((532349.72 164659.24, 532350.2 164658.5, 532351.55 164659.35, 532351.85 164659, 532352.95 164659.7, 532353.6 164658.65, 532355.95 164660.15, 532356.85 164658.8, 532363.59 164663.07, 532361.12 164666.4, 532349.72 164659.24))",False,6.78,0.140559015597119,,PRE-1914,Shop,Shop,,,,,,,,,,,,,,,,,,,532357.6467642671,164662.04723835108,1.0,nondom
52401120810002,2,"POLYGON ((532371.38 164624.5, 532383.15 164632.05, 532383.65 164633.95, 532381.89 164636.64, 532371.5 164629.9, 532370.11 164629.03, 532368.95 164628.3, 532371.38 164624.5))",False,5.68,0.13372117951607998,,PRE-1914,Shop,Shop,,,,,,,,,,,,,,,,,,,532376.5682601666,164630.53565803837,1.0,nondom
52401120810003,2,"POLYGON ((532361.19 164628.19, 532362.15 164628.82, 532363.1 164629.45, 532367.86 164622.13, 532361.63 164618.03, 532356.9 164625.37, 532350.25 164635.65, 532349.1 164634.95, 532346.3 164639.25, 532351.75 164642.75, 532354.5 164638.51, 532358.3 164640.95, 532360.34 164637.69, 532361.15 164636.4, 532358.38 164634.58, 532357.42 164634.01, 532361.19 164628.19))",False,4.8,0.11911290556190422,,1918-1939,Factory,Factory,,,,,,,,,,,,,,,,,,,532357.3788358632,164631.01465063175,2.0,nondom
52401124210001,1,"POLYGON ((531639.4 165418.3, 531631.4 165423.8, 531622.39 165410.37, 531621.75 165407, 531630.15 165405.75, 531630.35 165407.2, 531634.9 165405.35, 531638.1 165413.2, 531637.45 165413.45, 531639.4 165418.3), (531628.95 165409.1, 531633.05 165414.45, 531630.9 165408.8, 531628.95 165409.1))",False,2.77,0.22843189597325397,,1945-1980,Factory,,,,,,,,,,,,,,,,,,,,531631.0756981897,165413.52662735496,3.0,nondom
52401124310001,2,"POLYGON ((531775.3 165498.6, 531769.84 165484.19, 531773.6 165482.79, 531776.95 165481.54, 531777.55 165483.15, 531782.15 165495.35, 531782.35 165495.85, 531775.3 165498.6))",False,5.83,0.15984929387783592,,POST-1980,Office,Office,,,,,,,,,,,,,,,,,,,531776.1003810774,165490.04435350702,4.0,nondom
52401124410002,4,"POLYGON ((532316.55 165474.29, 532316.71 165470.1, 532316.76 165466.85, 532315.76 165466.83, 532315.79 165464.83, 532316.79 165464.85, 532316.81 165463.45, 532316.54 165458.86, 532315.74 165458.91, 532315.52 165455.01, 532316.32 165454.97, 532316.27 165454.17, 532314.18 165454.36, 532308.08 165454.92, 532301.47 165455.52, 532299.42 165455.71, 532296.54 165455.98, 532296.54 165459.82, 532295.94 165459.82, 532295.94 165460.87, 532293.94 165460.87, 532293.94 165459.82, 532287.74 165459.82, 532287.69 165460.61, 532285.74 165460.66, 532285.74 165459.82, 532281.66 165458.17, 532272.85 165454.62, 532271.49 165455.17, 532272.02 165456.41, 532269.93 165460.88, 532270.6 165464.19, 532270.91 165464.23, 532271.23 165464.29, 532271.54 165464.36, 532271.84 165464.45, 532272.14 165464.55, 532272.44 165464.65, 532272.73 165464.78, 532273.02 165464.91, 532273.31 165465.06, 532273.58 165465.21, 532273.85 165465.38, 532274.12 165465.56, 532274.37 165465.74, 532274.62 165465.94, 532274.86 165466.15, 532275.1 165466.37, 532275.32 165466.59, 532275.53 165466.83, 532275.74 165467.07, 532275.93 165467.32, 532276.12 165467.58, 532276.29 165467.84, 532276.45 165468.12, 532276.6 165468.4, 532276.76 165468.73, 532277.81 165468.4, 532278.34 165470.09, 532277.3 165470.45, 532277.39 165470.91, 532277.48 165471.4, 532277.54 165471.9, 532277.59 165472.4, 532277.61 165472.9, 532277.61 165473.4, 532277.59 165473.9, 532277.56 165474.4, 532277.5 165474.89, 532277.42 165475.39, 532277.32 165475.88, 532277.21 165476.37, 532277.07 165476.85, 532276.8 165477.63, 532279.08 165478.77, 532280.35 165479.22, 532281.63 165479.62, 532283.76 165480.17, 532285.08 165480.43, 532286.41 165480.64, 532287.74 165480.79, 532289.95 165480.93, 532306.51 165480.81, 532306.49 165480.13, 532310.03 165480.04, 532310.04 165485.44, 532306.54 165485.45, 532306.54 165484.81, 532287.89 165485.01, 532281.86 165485.05, 532278.69 165485.26, 532277.05 165485.51, 532277.19 165486.65, 532274.93 165486.72, 532274.82 165485.85, 532274.82 165485.83, 532269.71 165486.7, 532269.16 165486.82, 532268.6 165486.92, 532268.04 165487, 532267.47 165487.05, 532266.7 165487.09, 532266.41 165487.1, 532266.13 165487.1, 532265.84 165487.1, 532265.55 165487.1, 532265.27 165487.09, 532264.98 165487.07, 532264.69 165487.05, 532264.41 165487.02, 532264.13 165486.98, 532263.85 165486.92, 532263.58 165486.86, 532263.31 165486.78, 532262.99 165486.66, 532262.68 165486.52, 532262.38 165486.37, 532262.09 165486.2, 532261.81 165486.02, 532261.53 165485.83, 532261.27 165485.62, 532261.01 165485.4, 532260.77 165485.17, 532260.53 165484.93, 532260.3 165484.68, 532260.04 165484.37, 532259.83 165484.1, 532259.64 165483.83, 532259.45 165483.55, 532259.28 165483.26, 532259.12 165482.96, 532258.97 165482.66, 532258.84 165482.35, 532258.71 165482.03, 532258.6 165481.72, 532258.51 165481.39, 532258.42 165481.07, 532258.35 165480.74, 532258.29 165480.4, 532258.23 165479.84, 532257.6 165479.55, 532251.3 165493.72, 532252.66 165494.35, 532250.85 165498.25, 532250.3 165497.99, 532250.01 165498.63, 532253.3 165500, 532264.2 165505.41, 532273.75 165509.09, 532275.44 165509.74, 532275.12 165510.69, 532275.21 165510.72, 532279.89 165512.56, 532280.9 165512.95, 532289.5 165513.2, 532302.05 165513.55, 532312.45 165513.8, 532314.7 165513.85, 532314.73 165512.85, 532313.74 165512.81, 532313.89 165508.52, 532314.87 165508.55, 532314.9 165507.65, 532315.06 165503.56, 532313.87 165503.51, 532313.96 165501.11, 532315.15 165501.16, 532315.2 165500, 532315.77 165491.44, 532316 165487.95, 532316.05 165487.15, 532316.55 165474.29))",False,29.63,0.17598302704549545,,POST-1980,Sport,Office,Sport,Sport,,,,,,,,,,,,,,,,,532290.5648840702,165486.4860095348,4.0,nondom
52401124410009,1,"POLYGON ((532289.5 165409.25, 532292.05 165402.9, 532292.3 165402.3, 532300.8 165405.8, 532311.75 165405, 532312.4 165411.95, 532299.85 165413.4, 532289.5 165409.25))",False,14.6,0.15296328881284257,,PRE-1914,Shop,,,,,,,,,,,,,,,,,,,,532301.163915187,165408.50218628426,1.0,nondom
52401124410019,1,"POLYGON ((532302.32 165447.69, 532299.55 165447.95, 532296.86 165448.19, 532294.4 165448.4, 532294.94 165445.12, 532295.15 165443.85, 532299.05 165443.55, 532301.83 165443.25, 532302.32 165447.69))",False,14.69,0.15585281370306758,,1945-1980,Shop,,,,,,,,,,,,,,,,,,,,532298.4217523711,165445.87697131335,3.0,nondom
52401124410021,1,"POLYGON ((532307.16 165442.68, 532315.3 165441.8, 532315.7 165446.45, 532307.62 165447.2, 532307.16 165442.68))",False,15.99,0.19190518204107185,,PRE-1914,Shop,,,,,,,,,,,,,,,,,,,,532311.4627867471,165444.52731140165,1.0,nondom
52401124410023,1,"POLYGON ((532299.07 165450.98, 532298.64 165451.02, 532293.8 165451.45, 532294.4 165448.4, 532296.86 165448.19, 532299.55 165447.95, 532302.32 165447.69, 532307.62 165447.2, 532315.7 165446.45, 532315.9 165449.4, 532307.69 165450.17, 532299.07 165450.98))",False,16.32,0.15784895964056064,,1945-1980,Shop,,,,,,,,,,,,,,,,,,,,532304.93372511,165448.94564256843,3.0,nondom
52401125510002,2,"POLYGON ((532018.97 165005.63, 532016.55 165010.5, 532018.15 165011.3, 532013.4 165021.05, 532012 165020.35, 532011.15 165022.25, 532009.45 165026.05, 532005.15 165035.1, 532000 165046.2, 531995.7 165055.75, 531984.25 165050.6, 532000 165016.35, 532000.6 165015.05, 532000 165014.55, 531991.6 165010.35, 531987.9 165008.8, 531987.8 165009.15, 531968.95 165000.65, 531967.5 165000, 531959.78 164996.43, 531955.07 164994.26, 531952.52 164993.07, 531952.25 164992.95, 531958.25 164979.95, 531995.3 164997.05, 531995.85 164995.75, 532000 164997.6, 532005.15 165000, 532011.8 165003.05, 532012.15 165002.3, 532018.97 165005.63))",False,5.84,0.1958000803812367,,1945-1980,Emergency,Emergency,,,,,,,,,,,,,,,,,,,531990.3639712371,165012.01105512088,3.0,nondom
52401126210003,2,"POLYGON ((532255.4 164782.65, 532249.86 164789.65, 532246.75 164787.05, 532248.3 164785.2, 532243.75 164781.35, 532244.87 164780.03, 532255.4 164782.65))",False,5.24,0.154825677919203,,PRE-1914,Office,Office,,,,,,,,,,,,,,,,,,,532249.5941905967,164784.16255362838,1.0,nondom
52401126410002,2,"POLYGON ((532423.05 164823.45, 532423.34 164827.15, 532416.67 164827.7, 532416.5 164825.95, 532412.7 164826.25, 532412.55 164825.2, 532411.55 164825.2, 532411.4 164824.25, 532412.16 164824.2, 532423.05 164823.45))",False,5.59,0.17102735349877632,,PRE-1914,Shop,Shop,,,,,,,,,,,,,,,,,,,532418.3535031393,164825.41519124166,1.0,nondom
52401126410007,2,"POLYGON ((532379.3 164842.85, 532381.83 164834.68, 532381.9 164834.45, 532375.15 164830.07, 532362.35 164834.7, 532351.48 164839.12, 532346.78 164841.03, 532343.77 164842.25, 532346 164851.2, 532362.5 164847, 532364.1 164857.6, 532378.45 164855.85, 532379.3 164842.85))",False,4.55,0.11289841668322977,,1918-1939,Factory,Factory,,,,,,,,,,,,,,,,,,,532365.7996327032,164843.7673283619,2.0,nondom
52401126510001,2,"POLYGON ((532292.8 164852.3, 532300.2 164847.5, 532305.4 164859.3, 532296.4 164862.4, 532295.6 164860.55, 532296.35 164860.2, 532292.8 164852.3))",False,6.13,0.1666514136116003,,1945-1980,Warehouse,Office,,,,,,,,,,,,,,,,,,,532298.9723957398,164855.34028808164,3.0,nondom
52401127310001,2,"POLYGON ((532025.66 164906.87, 532026.55 164907.4, 532025.85 164908.6, 532027.65 164909.7, 532028.42 164908.44, 532030.25 164905.45, 532028.4 164904.35, 532033.6 164895.65, 532036.16 164897.18, 532034.6 164899.8, 532036.05 164900.7, 532037.6 164898.1, 532039.3 164899.1, 532033.65 164908.5, 532033.15 164908.2, 532030.95 164911.85, 532033.1 164913.15, 532032.75 164913.73, 532030.2 164918, 532022.5 164913.36, 532019.75 164911.7, 532018.8 164913.25, 532011.1 164908.6, 532012 164907.1, 532008.8 164905.15, 532007.85 164906.7, 532000.4 164902.2, 532001.35 164900.65, 532000 164900.1, 531993.05 164896.2, 531996.85 164889.95, 531998.62 164890.87, 532000 164891.6, 532004.76 164894.43, 532025.66 164906.87))",False,5.72,0.11322300270142699,,POST-1980,Office,Office,,,,,,,,,,,,,,,,,,,532016.627899513,164903.83786060644,4.0,nondom
52401127410003,2,"POLYGON ((532330.32 164949.15, 532332 164949.65, 532332.7 164947.3, 532333.6 164947.6, 532333.85 164946.7, 532334.9 164947.05, 532331.95 164956.95, 532328.39 164955.89, 532330.32 164949.15))",False,5.01,0.13013320703876832,,PRE-1914,Shop,Shop,,,,,,,,,,,,,,,,,,,532331.5844977836,164952.21098329447,1.0,nondom
52401127410007,2,"POLYGON ((532405.76 164929.3, 532404.28 164934.15, 532393.96 164931.36, 532395.43 164926.44, 532405.76 164929.3))",False,9.02,0.13033273708181387,,PRE-1914,Shop,Shop,,,,,,,,,,,,,,,,,,,532399.8468989735,164930.3083718741,1.0,nondom
52401127410008,3,"POLYGON ((532389.1 164906.4, 532389.9 164905.8, 532397.8 164902.8, 532409.6 164901.4, 532413 164905.5, 532411.5 164910.43, 532393.06 164907.11, 532389.1 164906.4))",False,8.82,0.16657814059896045,,1945-1980,Shop,Office,Office,,,,,,,,,,,,,,,,,,532403.4736165501,164905.73058077935,3.0,nondom
52401127410009,3,"POLYGON ((532379.03 164917.39, 532381.4 164917.85, 532381.95 164915, 532383.65 164915.3, 532385.7 164904.8, 532380.93 164905.8, 532377.26 164906.57, 532373.24 164907.41, 532369 164908.3, 532368.79 164909.33, 532367.55 164915.34, 532369.4 164915.65, 532368.6 164920.1, 532369.55 164920.25, 532369.8 164919.1, 532371.03 164919.32, 532373.4 164919.75, 532373.95 164916.65, 532375.35 164916.9, 532375.93 164913.74, 532377.6 164914.05, 532377.05 164917, 532379.03 164917.39))",False,7.73,0.124606798579401,,PRE-1914,Office,Office,Office,,,,,,,,,,,,,,,,,,532376.4514715131,164911.98104345228,1.0,nondom
52401127410016,2,"POLYGON ((532411.5 164910.43, 532410.08 164915.09, 532399.45 164912.98, 532392.2 164911.55, 532393.06 164907.11, 532411.5 164910.43))",False,8.41,0.0832594484478092,,PRE-1914,Shop,Shop,,,,,,,,,,,,,,,,,,,532401.8166697267,164911.05327333402,1.0,nondom
52401127410018,1,"POLYGON ((532326.38 164907.58, 532330.77 164906.9, 532331.07 164906.98, 532327.66 164918.09, 532325.9 164923.8, 532329.83 164925.01, 532379.15 164940.2, 532376.9 164947.45, 532375.05 164946.9, 532373.6 164951.6, 532375.45 164952.2, 532374 164956.85, 532370.51 164955.48, 532367 164954.11, 532363.81 164952.86, 532359.57 164951.2, 532351.2 164947.92, 532347.59 164946.5, 532347.45 164946.45, 532344.2 164945.19, 532340.62 164943.8, 532337.19 164942.46, 532332.71 164940.72, 532329.32 164939.4, 532325.72 164938, 532322.4 164936.71, 532318 164935, 532324.03 164915.4, 532326.38 164907.58))",False,3.39,0.15554386926090066,,1945-1980,Factory,,,,,,,,,,,,,,,,,,,,532347.6592029115,164937.26126019706,3.0,nondom
52401127510001,2,"POLYGON ((532493.45 164903.8, 532493.4 164905.5, 532495.75 164905.45, 532496.05 164901.85, 532495.5 164900.8, 532495.2 164899.45, 532496.15 164899.1, 532495.75 164896.95, 532497.05 164896.55, 532496.3 164893.7, 532497.25 164893.35, 532495.3 164885.95, 532490.49 164887.25, 532486.36 164888.37, 532488.62 164897.01, 532490.05 164896.65, 532491.65 164902.7, 532491.45 164904.35, 532493.45 164903.8))",False,6.0,0.14931603295516022,,PRE-1914,Shop,Shop,,,,,,,,,,,,,,,,,,,532492.5125448524,164894.47846670396,1.0,nondom
52401127510003,1,"POLYGON ((532428.98 164971.46, 532429.72 164968.95, 532417.64 164965.57, 532416.95 164967.99, 532412.24 164984.31, 532411.8 164985.83, 532423.15 164988.8, 532424.3 164990.45, 532424.75 164990.95, 532425.2 164991.35, 532425.75 164991.7, 532426.3 164992, 532426.9 164992.25, 532427.5 164992.3, 532428.15 164992.25, 532428.8 164992, 532429.44 164991.63, 532430.24 164988.9, 532430.75 164987.15, 532429.45 164986.75, 532430 164984.8, 532428.85 164984.45, 532430.25 164979.6, 532427.5 164978.8, 532427.9 164977.55, 532427.25 164977.35, 532428.98 164971.46))",False,6.47,0.1355684731580585,,1918-1939,Hospitality,,,,,,,,,,,,,,,,,,,,532422.0113341585,164978.99053033805,2.0,nondom
52401127510006,1,"POLYGON ((532440.1 164927.06, 532440.7 164927.25, 532440.57 164927.66, 532439.9 164929.7, 532437.4 164928.9, 532436.4 164931.9, 532435.7 164932.03, 532428.95 164933.15, 532426.45 164932.8, 532425.55 164931.45, 532425.45 164931.25, 532425.4 164931.05, 532425.3 164930.75, 532425.3 164930.4, 532425.35 164930.1, 532425.63 164929.18, 532432.55 164928.1, 532432.85 164927.35, 532436.55 164927.35, 532437.3 164926.2, 532440.1 164927.06))",False,11.64,0.18736565518962053,,1918-1939,Shop,,,,,,,,,,,,,,,,,,,,532432.5801314719,164929.9503133862,2.0,nondom
52401127510007,1,"POLYGON ((532450.12 164899.52, 532451.8 164906.25, 532447.85 164907.2, 532445.79 164898.85, 532447.85 164898.25, 532448 164897.7, 532449.55 164897.26, 532450.12 164899.52))",False,10.7,0.09936898537212999,,1918-1939,Shop,,,,,,,,,,,,,,,,,,,,532448.7852305786,164902.3962787888,2.0,nondom
52401127510009,1,"POLYGON ((532444.47 164907.29, 532446.25 164906.85, 532444.42 164899.25, 532442.51 164899.81, 532441 164900.25, 532440.55 164899.55, 532439.2 164900.05, 532437.8 164900.95, 532437.15 164901.45, 532436.4 164902.15, 532435.7 164902.85, 532435.05 164903.65, 532434.45 164904.45, 532434.3 164904.66, 532433.85 164905.3, 532433.35 164906.2, 532431.36 164911.07, 532436.13 164912.5, 532444.13 164914.9, 532445.45 164911.05, 532444.47 164907.29))",False,11.93,0.2561764826153354,,1918-1939,Shop,,,,,,,,,,,,,,,,,,,,532439.7277096235,164907.2101072279,2.0,nondom
52401127510012,1,"POLYGON ((532436.13 164912.5, 532444.13 164914.9, 532444.65 164915.05, 532444.25 164916.38, 532443.42 164919.18, 532429.99 164914.8, 532430.05 164914.6, 532431.36 164911.07, 532436.13 164912.5))",False,11.64,0.18736565518962053,,1918-1939,Hospitality,,,,,,,,,,,,,,,,,,,,532437.4387669582,164915.05948412628,2.0,nondom
52401127510015,1,"POLYGON ((532426.94 164924.84, 532428.87 164918.49, 532439.6 164921.9, 532439.8 164921.45, 532442.49 164922.31, 532441.8 164924.65, 532440.9 164924.4, 532440.7 164925.06, 532432.3 164922.35, 532431.75 164924.05, 532426.94 164924.84))",False,9.08,0.14592324277681704,,1918-1939,Shop,,,,,,,,,,,,,,,,,,,,532433.8981107626,164922.15954681998,2.0,nondom
52401128110002,1,"POLYGON ((532269.75 165111.34, 532274.65 165100.65, 532276.25 165099.9, 532282.1 165102.7, 532277.98 165112.11, 532277.06 165111.67, 532274.66 165110.54, 532273.55 165113.04, 532269.75 165111.34))",False,4.97,0.18077352731870366,,PRE-1914,Hospitality,,,,,,,,,,,,,,,,,,,,532276.0020913266,165106.47368662202,1.0,nondom
52401128110004,5,"POLYGON ((532352.35 165132.05, 532351 165138.95, 532346.75 165138.2, 532346.55 165137.6, 532341 165136.45, 532337.53 165135.76, 532337.52 165135.76, 532337.508 165135.758, 532336.75 165135.6, 532337.85 165130.1, 532332.65 165129, 532333.45 165125.4, 532333.9 165123.3, 532334.15 165122, 532342.9 165123.85, 532348.6 165125.8, 532347.95 165127.7, 532350.7 165128.65, 532352.35 165132.05))",False,13.09,0.14183643087629155,,1945-1980,Education,Education,Education,Education,Education,,,,,,,,,,,,,,,,532342.9569336782,165130.3810242929,3.0,nondom
52401128110005,2,"POLYGON ((532349.15 165156.5, 532350.35 165149.8, 532341.65 165148.3, 532340.4 165152.2, 532342.4 165152.8, 532342.05 165154.35, 532341.45 165154.25, 532340.35 165157.95, 532339.55 165157.8, 532339.3 165158.75, 532348.3 165161.3, 532349.15 165156.5))",False,10.05,0.10387826937789774,,PRE-1914,Shop,Shop,,,,,,,,,,,,,,,,,,,532345.2074752691,165154.55786682357,1.0,nondom
52401128110010,4,"POLYGON ((532344.95 165178.8, 532333.8 165175.2, 532334.45 165172.6, 532332.75 165172.2, 532333.75 165169.3, 532332.07 165168.63, 532332.32 165168.11, 532334.61 165163.25, 532341.55 165165.4, 532347.2 165167.2, 532344.95 165178.8))",False,9.55,0.18688087445756862,,1918-1939,Office,Office,Office,Office,,,,,,,,,,,,,,,,,532339.7934998273,165170.81279096255,2.0,nondom
52401128310001,2,"POLYGON ((532333.4 165108.15, 532330.45 165109.35, 532322.75 165106.65, 532328.5 165093.5, 532329.848 165093.994, 532332.05 165094.8, 532335.706 165096.166, 532335.8 165096.2, 532333.4 165108.15))",False,6.66,0.12572852882182248,,PRE-1914,Office,Office,,,,,,,,,,,,,,,,,,,532329.8308929496,165101.85688371438,1.0,nondom
52401128310002,2,"POLYGON ((532321.15 165098, 532323.8 165091.8, 532328.5 165093.5, 532322.75 165106.65, 532322.55 165107, 532317.9 165105.35, 532321.15 165098))",False,4.86,0.167212121212121,,PRE-1914,Office,Office,,,,,,,,,,,,,,,,,,,532323.2095194954,165099.41450032193,1.0,nondom
52401128310016,4,"POLYGON ((532347.45 164991.7, 532369.9 165000, 532376.35 165001.95, 532383.5 165004.55, 532380.4 165016.1, 532366 165010.65, 532363.85 165009.85, 532363.25 165009.65, 532363.7 165008.5, 532353.95 165005.05, 532353 165007.6, 532349.4 165006.35, 532348.85 165006.15, 532349.75 165003.55, 532343.85 165001.15, 532344.3 165000, 532345.8 164996.35, 532346.1 164995.45, 532347.45 164991.7))",False,11.12,0.12353005349262124,,POST-1980,Office,Office,Office,Office,,,,,,,,,,,,,,,,,532364.065035468,165003.74712512252,4.0,nondom
52401128410001,4,"POLYGON ((532387.5 165150.95, 532386.4 165160.25, 532383.85 165160.05, 532383.75 165160.95, 532383.2 165160.9, 532374.5 165159.95, 532373.65 165159.85, 532373.8 165158.55, 532374.9 165149.85, 532375.65 165144.2, 532377.8 165144.4, 532378.25 165140.35, 532376.2 165140.15, 532376.9 165134.95, 532386.5 165136.15, 532384.85 165150.6, 532387.5 165150.95))",False,10.92,0.118372272453852,,PRE-1914,Office,Office,Office,Office,,,,,,,,,,,,,,,,,532380.7705070666,165148.95241675532,1.0,nondom
52401128410003,1,"POLYGON ((532421.35 165184.5, 532421.7 165181.5, 532412.05 165180.4, 532408.25 165179.9, 532406.05 165196.75, 532388.1 165194.25, 532386.2 165207.65, 532395.3 165208.8, 532395.5 165208.85, 532404.3 165210.15, 532403.5 165216.1, 532416.65 165217.7, 532417.5 165211.95, 532417.95 165209.05, 532426.95 165210.35, 532428.4 165199.95, 532423.37 165199.25, 532423.35 165199.25, 532419.55 165198.61, 532420.49 165190.8, 532424.49 165191.4, 532436 165192.9, 532436.8 165186.45, 532425.3 165185, 532421.35 165184.5))",False,30.97,0.17677044658263147,,POST-1980,Health,,,,,,,,,,,,,,,,,,,,532411.0912608404,165199.1475690638,4.0,nondom
52401128410004,4,"POLYGON ((532375.95 165212.35, 532359.7 165208.1, 532359.5 165208, 532359.1 165207.7, 532358.9 165207.3, 532358.85 165207.1, 532358.8 165206.85, 532358.8 165206.6, 532358.75 165206.45, 532358.55 165205.3, 532358.8 165203.5, 532361.9 165185.75, 532375.1 165187.85, 532374.25 165193.2, 532373.3 165198.45, 532372.4 165203.95, 532375.35 165204.5, 532377.9 165204.95, 532375.95 165212.35))",False,7.95,0.22710970604217373,,1918-1939,Shop,Shop,Office,Office,,,,,,,,,,,,,,,,,532367.5407303126,165199.20686011223,2.0,nondom
52401128410006,5,"POLYGON ((532375.1 165176.45, 532377.9 165177.15, 532381.45 165177.6, 532381.65 165177.65, 532388.3 165178.75, 532391.45 165179.25, 532392 165176.1, 532400.2 165177.6, 532400.8 165173.75, 532401 165172.4, 532397.1 165171.8, 532397.25 165170.7, 532384.85 165168.7, 532384.7 165169.8, 532381.85 165169.35, 532382.55 165164.9, 532370.3 165163.2, 532366.7 165162.7, 532366.3 165164.45, 532363.55 165173.55, 532363.85 165173.65, 532362.9 165179.45, 532376.2 165181.7, 532376.9 165177.65, 532375 165177.45, 532375.1 165176.45))",False,12.26,0.13538747145874463,,1945-1980,Office,Office,Office,Office,Office,,,,,,,,,,,,,,,,532378.6378958535,165172.6406999976,3.0,nondom
52401128410010,2,"POLYGON ((532410.15 165165.75, 532410.7 165161.5, 532423.75 165163.2, 532421.65 165179.4, 532408.6 165177.75, 532410 165167.05, 532410.15 165165.75))",False,14.65,0.1780398799193728,,POST-1980,Office,Office,,,,,,,,,,,,,,,,,,,532416.1748961008,165170.4614944633,4.0,nondom
52401128410011,4,"POLYGON ((532402.1 165147.85, 532409.15 165148.75, 532407.25 165163.2, 532393 165161.45, 532389.9 165161.05, 532386.55 165160.65, 532386.35 165160.65, 532386.4 165160.25, 532387.5 165150.95, 532388.45 165151.05, 532388.65 165150.15, 532395.65 165151, 532396.3 165147.1, 532402.1 165147.85))",False,14.37,0.14945519285082848,,POST-1980,Office,Office,Office,Office,,,,,,,,,,,,,,,,,532398.4150299501,165155.37968146417,4.0,nondom
52401128410015,1,"POLYGON ((532422.28 165038.78, 532422.8 165036.1, 532425.9 165036.65, 532426.3 165034.3, 532438.1 165036.65, 532437.7 165038.8, 532436.9 165042.2, 532425.25 165039.9, 532425.35 165039.35, 532422.28 165038.78))",False,44.73,0.1764751916161507,,1945-1980,Hospitality,,,,,,,,,,,,,,,,,,,,532430.8097862405,165038.1997559565,3.0,nondom
52401128510007,10,"POLYGON ((532491.65 165201.75, 532494.8 165202.15, 532494.55 165203.3, 532495.05 165203.25, 532496.45 165205.25, 532494.2 165220.5, 532492.8 165221.8, 532477.1 165219.65, 532476 165218.4, 532476.8 165212.25, 532474.15 165211.9, 532474.65 165208.05, 532477.35 165208.4, 532478.1 165202.4, 532479.7 165201.15, 532490.45 165202.75, 532491.65 165201.75))",False,28.69,0.17012678428113132,,POST-1980,Office,Office,Office,Office,Office,Office,Office,Office,Office,Office,,,,,,,,,,,532485.9570773497,165211.3527310571,4.0,nondom
52401128910003,2,"POLYGON ((532207.4 165030.4, 532204.7 165028.85, 532203.9 165030.2, 532204.85 165030.75, 532203 165033.95, 532201.3 165032.95, 532197.1 165040.2, 532200.3 165042.05, 532204.35 165044.4, 532208.05 165037.4, 532208.45 165036.75, 532207.35 165036.15, 532209.85 165031.85, 532210.25 165031.15, 532208.6 165030.2, 532208.2 165030.85, 532207.4 165030.4))",False,5.67,0.14492071441043428,,PRE-1914,Office,Office,,,,,,,,,,,,,,,,,,,532203.8601908651,165036.8682854046,1.0,nondom
52401128910004,3,"POLYGON ((532270.5 165072.6, 532273.05 165074.1, 532271.3 165077.15, 532269.6 165080.1, 532267.85 165083.1, 532254.75 165075.35, 532254.35 165074.85, 532259.4 165066.15, 532270.5 165072.6))",False,9.13,0.153156157079872,,PRE-1914,Office,Office,Office,,,,,,,,,,,,,,,,,,532263.6551505147,165074.60672597075,1.0,nondom
52401128910005,2,"POLYGON ((532250.1 165060.8, 532254.7 165052.15, 532263.55 165057.25, 532269.2 165060.45, 532269.45 165060.4, 532275.6 165063.8, 532271.9 165070.1, 532254 165059.6, 532252.5 165062.2, 532250.1 165060.8))",False,5.63,0.1293412728891889,,1945-1980,Factory,Factory,,,,,,,,,,,,,,,,,,,532262.9857060963,165061.1067409396,3.0,nondom
52401129810001,1,"POLYGON ((532240.65 165134, 532241.1 165133.25, 532242.85 165134.3, 532241.15 165137.35, 532242.3 165137.9, 532244.55 165134.35, 532246 165134.95, 532247.15 165132.25, 532248.4 165132.7, 532242.75 165146, 532241.6 165146.25, 532235.75 165142.85, 532240.65 165134))",False,5.11,0.116050369653772,,PRE-1914,Hospitality,,,,,,,,,,,,,,,,,,,,532241.8061184061,165139.7092577323,1.0,nondom
52401129810002,2,"POLYGON ((532205.2 165093.7, 532208.95 165095.85, 532213 165098.2, 532217.1 165100.55, 532217.3 165100.65, 532216.2 165102.7, 532210.9 165111.9, 532202.7 165107.1, 532200.1 165111.55, 532200.95 165112.05, 532198.45 165116.4, 532197.3 165115.7, 532195.3 165115.5, 532193.7 165113.8, 532194.6 165112.2, 532190.65 165109.9, 532192.05 165107.55, 532188.75 165105.67, 532188.76 165105.66, 532192.1 165099.85, 532193.45 165097.55, 532193.75 165097.05, 532196.15 165098.45, 532197.3 165099.1, 532197.75 165098.35, 532198.5 165098.8, 532199.2 165097.6, 532193.3 165094.2, 532189.65 165092.05, 532188.3 165091.3, 532189 165090.1, 532186.95 165088.9, 532185.5 165091.35, 532185.2 165091.95, 532181.05 165089.55, 532185.3 165082.2, 532186.1 165082.7, 532189.75 165084.75, 532193.3 165086.8, 532196.9 165088.9, 532201.05 165091.3, 532205.2 165093.7))",False,4.3,0.10694104313403922,,1945-1980,Factory,Factory,,,,,,,,,,,,,,,,,,,532199.5887365765,165100.07493563552,3.0,nondom
52401130210001,2,"POLYGON ((532090.6 165162.1, 532082.9 165160.4, 532089.5 165149.7, 532094.05 165150.95, 532093.05 165154.75, 532091.2 165161.7, 532091.1 165162.15, 532090.6 165162.1))",False,5.55,0.09184071910269782,,POST-1980,Shop,Shop,,,,,,,,,,,,,,,,,,,532089.147758332,165156.31134608117,4.0,nondom
52401130210002,1,"POLYGON ((532077.1 165174.85, 532074.45 165174.2, 532081.35 165162.9, 532082.9 165160.4, 532090.6 165162.1, 532090.35 165163.1, 532092.45 165163.7, 532091 165167.25, 532085.75 165165.2, 532079.5 165175.4, 532077.1 165174.85))",False,2.6,0.32181411751147154,,POST-1980,Factory,,,,,,,,,,,,,,,,,,,,532082.9237625721,165167.13102903074,4.0,nondom
52401131110001,1,"POLYGON ((531750.5 165341.5, 531750.8 165340.5, 531752.45 165341.1, 531754.5 165335.55, 531756.7 165336.35, 531757.05 165335.35, 531758 165335.7, 531752.7 165350.2, 531747.9 165348.45, 531750.5 165341.5))",False,8.17,0.119142857142857,,PRE-1914,Shop,,,,,,,,,,,,,,,,,,,,531752.8753270723,165343.20125578815,1.0,nondom
52401131110004,2,"POLYGON ((531829.9 165156.8, 531830.6 165151.75, 531831.2 165147.2, 531851.8 165149.95, 531851.4 165152.7, 531850.8 165157.2, 531850.45 165159.6, 531841.55 165158.4, 531829.9 165156.8))",False,7.52,0.14500315928206162,,1945-1980,Community,Community,,,,,,,,,,,,,,,,,,,531840.851029495,165153.39168411747,3.0,nondom
52401131110005,2,"POLYGON ((531767.65 165306.9, 531765.1 165311.85, 531762.75 165316.35, 531760.55 165320.6, 531757.85 165325.85, 531753.3 165323.85, 531748.9 165321.95, 531752.1 165316, 531753 165316.4, 531755.5 165311.65, 531757.8 165312.6, 531760.65 165307, 531758.5 165305.85, 531761.5 165297.4, 531762.3 165295.3, 531764.75 165288.35, 531769.15 165290.5, 531773.4 165292.55, 531774.1 165292.9, 531771.75 165297.6, 531772.25 165297.95, 531770.1 165302.15, 531767.65 165306.9))",False,3.5,0.12776757332328773,,1945-1980,Warehouse,Warehouse,,,,,,,,,,,,,,,,,,,531762.2763268573,165307.1148045475,3.0,nondom
52401131110006,1,"POLYGON ((531812.07 164964.91, 531816.12 164964.02, 531816.95 164968.55, 531834.2 164965.3, 531831.43 164950.6, 531828.51 164935.08, 531827.3 164928.65, 531817.96 164930.4, 531817.19 164926.27, 531809.42 164927.72, 531809.69 164929.16, 531790.35 164932.8, 531790.91 164935.77, 531791.2 164937.3, 531788.5 164937.8, 531788.3 164936.75, 531761.39 164941.82, 531761.59 164942.8, 531758.95 164943.35, 531759.06 164943.94, 531760.2 164950.1, 531757.11 164950.67, 531755.9 164944.52, 531755.69 164943.45, 531734.74 164947.75, 531737.87 164963.18, 531735.81 164963.57, 531736.57 164967.6, 531736.61 164967.8, 531738.68 164967.41, 531740.21 164975.47, 531761.09 164971.5, 531759.63 164963.63, 531758.72 164958.77, 531757.54 164952.82, 531760.6 164952.26, 531761.25 164955.8, 531763.8 164955.3, 531764 164956.25, 531788.08 164951.72, 531788.8 164954.95, 531790.95 164954.5, 531791.1 164955.22, 531791.6 164957.61, 531791.4 164957.65, 531791.95 164960.4, 531783.6 164962.05, 531784 164964.11, 531782.04 164964.5, 531779.37 164961.59, 531775.83 164962.29, 531775.53 164963.24, 531775 164964.93, 531774.7 164965.88, 531777.11 164968.76, 531780.65 164968.07, 531785.18 164970.09, 531785.55 164971.95, 531774.1 164974.15, 531775.8 164982.75, 531775.97 164982.72, 531776.98 164982.52, 531777.59 164985.66, 531785.28 164984.15, 531786.09 164988.57, 531786.95 164993.25, 531787.05 164993.8, 531786.55 164993.9, 531787.45 164998.35, 531803.43 164995.21, 531803.94 164997.76, 531804.38 165000, 531804.98 165003.06, 531813.17 165001.45, 531812.89 165000, 531812.31 164997.02, 531821.39 164995.24, 531818.25 164979.27, 531812.99 164980.31, 531802.4 164982.41, 531803.7 164987.87, 531801.24 164988.32, 531800.02 164981.63, 531797.9 164970.02, 531799.28 164969.75, 531812.52 164967.22, 531812.07 164964.91), (531807.93 164941.45, 531811.84 164940.72, 531814.19 164953.32, 531814.35 164954.2, 531816 164953.9, 531817.01 164959.36, 531811.18 164960.36, 531810.5 164956.85, 531795.4 164959.85, 531795.01 164957.85, 531794.86 164957.06, 531794.06 164952.64, 531801.24 164951.32, 531809.47 164949.81, 531807.93 164941.45))",False,4.96,0.10329903600436152,,POST-1980,Education,,,,,,,,,,,,,,,,,,,,531790.5984782678,164960.1410124426,4.0,nondom
52401131610001,14,"POLYGON ((532450.159 165286.876, 532451.295 165263.854, 532449.213 165263.58, 532448.172 165263.444, 532436.149 165261.863, 532428.304 165260.831, 532414.577 165259.026, 532413.383 165258.869, 532412.854 165269.659, 532410.135 165325.104, 532409.993 165328.001, 532409.626 165335.492, 532446.932 165341.268, 532447.481 165341.353, 532447.505 165340.867, 532450.159 165286.876))",False,7.04,0.13928042762916962,,POST-1980,Office,Office,Office,Office,Office,Office,Office,Office,Office,Office,Office,Office,Office,Office,,,,,,,532430.4814975896,165299.89509767588,4.0,nondom
52401131610002,8,"POLYGON ((532404.6 165296.7, 532404.05 165301.65, 532403.7 165305.95, 532403.6 165309.75, 532394.7 165309.4, 532394.7 165308.4, 532394.95 165301.95, 532396.55 165293.7, 532402.5 165294.7, 532402.25 165296.35, 532404.6 165296.7))",False,28.55,0.1984034046326924,,1945-1980,Shop,Office,Office,Office,Office,Office,Office,Shop,,,,,,,,,,,,,532399.5043664313,165302.2248210492,3.0,nondom
52401131610003,3,"POLYGON ((532327 165313.5, 532337.15 165314.1, 532336.45 165317.1, 532340.5 165317.3, 532339.9 165319.4, 532341.65 165319.5, 532341.9 165323.85, 532342.2 165328.5, 532333.9 165328.95, 532326.25 165327.55, 532325 165326.25, 532325.2 165324.2, 532326.1 165318.65, 532327 165313.5))",False,8.61,0.131529539545462,,PRE-1914,Hospitality,Hospitality,Shop,,,,,,,,,,,,,,,,,,532333.391735268,165321.7926745857,1.0,nondom
52401131610005,1,"POLYGON ((532331.7 165297.3, 532342.6 165299.75, 532354 165302.2, 532366.2 165304.85, 532366.15 165305.15, 532365.75 165306.75, 532364.9 165310, 532353.95 165307.6, 532330.3 165302.15, 532331.7 165297.3))",False,21.86,0.16939038708591608,,1945-1980,Shop,,,,,,,,,,,,,,,,,,,,532348.4593338141,165303.65287683567,3.0,nondom
52401131610007,4,"POLYGON ((532359.3 165261.4, 532358.95 165262.7, 532364.9 165264.35, 532362.75 165271.95, 532348.2 165267.85, 532341.7 165266.05, 532341.1 165264.65, 532342.1 165261.25, 532343.3 165256.9, 532350.55 165258.95, 532358.38 165261.142, 532359.3 165261.4))",False,8.04,0.15572638807071404,,1918-1939,Shop,Shop,Office,Office,,,,,,,,,,,,,,,,,532352.6894405503,165264.48882168025,2.0,nondom
52401131610010,2,"POLYGON ((532356.6 165286.95, 532355.65 165290.35, 532335.55 165284.7, 532337.85 165276.55, 532343.5 165278.15, 532346.35 165278.95, 532354.85 165281.4, 532356.05 165277.25, 532359.15 165278.1, 532359.05 165278.4, 532356.6 165286.95))",False,8.27,0.13556188382240092,,1918-1939,Shop,Shop,,,,,,,,,,,,,,,,,,,532347.4789735394,165283.18876063064,2.0,nondom
52401132610001,2,"POLYGON ((531598.55 165274.1, 531614.5 165276.55, 531608.8 165313.45, 531599.9 165312.05, 531600.35 165308.9, 531600.4 165308.7, 531601 165308.75, 531601.15 165307.8, 531593.55 165306.65, 531598.55 165274.1))",False,5.35,0.127302138548711,,1945-1980,Warehouse,Warehouse,,,,,,,,,,,,,,,,,,,531604.0688888427,165292.89548798828,3.0,nondom
52401132610003,1,"POLYGON ((531716.8 165327.9, 531715.6 165335.15, 531709.85 165333.9, 531712.35 165321.1, 531715.85 165321.7, 531714.85 165327.6, 531716.8 165327.9))",False,6.05,0.12421616733727832,,PRE-1914,Shop,,,,,,,,,,,,,,,,,,,,531713.4396130252,165328.73050696135,1.0,nondom
52401132610004,1,"POLYGON ((531712.65 165319.5, 531712.35 165321.1, 531709.85 165333.9, 531705.5 165332.95, 531706.85 165325.8, 531708.45 165326.05, 531709.7 165319, 531712.65 165319.5))",False,5.46,0.1314551061209345,,PRE-1914,Shop,,,,,,,,,,,,,,,,,,,,531709.2187335072,165327.05085550962,1.0,nondom
52401132610006,1,"POLYGON ((531691.9 165321.85, 531690.4 165329.65, 531685.8 165328.65, 531688.25 165315.15, 531688.9 165311.55, 531691.7 165312.05, 531691.07 165315.72, 531690.95 165316.4, 531689.35 165316.1, 531689.2 165317.15, 531690.7 165317.4, 531690 165321.5, 531691.9 165321.85))",False,6.08,0.17257381203487798,,PRE-1914,Shop,,,,,,,,,,,,,,,,,,,,531689.0685559221,165321.69708103949,1.0,nondom
52401132610007,2,"POLYGON ((531679.3 165312.15, 531679.1 165313.35, 531676.5 165326.65, 531671.75 165325.75, 531671.79 165325.55, 531671.85 165325.24, 531673.45 165316.8, 531674.55 165317, 531675.39 165312.74, 531675.65 165311.45, 531677.3 165311.75, 531679.3 165312.15))",False,5.98,0.15872554427504276,,PRE-1914,Shop,Shop,,,,,,,,,,,,,,,,,,,531675.6234893957,165319.39960249347,1.0,nondom
52401132610008,2,"POLYGON ((531664.41 165307.99, 531661.89 165323.49, 531658.15 165322.7, 531657.45 165321.6, 531657.5 165321.25, 531658.5 165315.1, 531659.69 165307.12, 531664.41 165307.99))",False,5.67,0.14492071441043428,,PRE-1914,Shop,Shop,,,,,,,,,,,,,,,,,,,531660.8591929561,165315.21401083193,1.0,nondom
52401132610013,1,"POLYGON ((531580.4 165280.95, 531576.85 165288.8, 531569.85 165285.65, 531577.55 165268.65, 531584.55 165271.85, 531580.4 165280.95))",False,4.58,0.10971264677915511,,POST-1980,Shop,,,,,,,,,,,,,,,,,,,,531577.197063113,165278.73133873026,4.0,nondom
52401133610003,4,"POLYGON ((532307.3 165273.8, 532299.55 165271.35, 532301.45 165265.6, 532306.45 165267.25, 532309.1 165268.05, 532314.05 165269.7, 532313.8 165270.3, 532319.6 165272.2, 532318.4 165277.55, 532307.3 165273.8))",False,9.0,0.13019068863594185,,PRE-1914,Office,Office,Office,Office,,,,,,,,,,,,,,,,,532309.5696131911,165271.5312307855,1.0,nondom
52401133610005,2,"POLYGON ((532323.2 165260.15, 532306.71 165255.75, 532308.03 165251.08, 532324.5 165255.55, 532323.2 165260.15))",False,10.65,0.09985033937359993,,PRE-1914,Shop,Shop,,,,,,,,,,,,,,,,,,,532315.5892419438,165255.62691877145,1.0,nondom
52401133610008,2,"POLYGON ((532299.35 165315.5, 532297.35 165324.3, 532296.95 165324.2, 532291.7 165321.45, 532293.55 165317.85, 532284.487 165312.472, 532284.45 165312.45, 532280.21 165309.88, 532281.505 165307.715, 532282.19 165306.57, 532286.55 165308.85, 532287.05 165308, 532299.35 165315.5))",False,5.43,0.14154888803736196,,1945-1980,Education,Education,,,,,,,,,,,,,,,,,,,532291.301547737,165314.70480336953,3.0,nondom
52401133910003,5,"POLYGON ((532420.75 165405.6, 532421.25 165405.9, 532420.7 165406.8, 532415.9 165406.55, 532415.5 165406.25, 532415.5 165405.8, 532415.75 165405.6, 532415.9 165404.55, 532414.5 165404.4, 532414 165404.75, 532413.4 165404.25, 532413.6 165403.95, 532413.3 165403.75, 532402.75 165403.15, 532402.5 165403.95, 532402.15 165404.15, 532401.7 165404, 532401.35 165403.5, 532395.65 165403.3, 532394.95 165403.75, 532394.2 165403.15, 532394.25 165402.75, 532394.9 165402.05, 532395.1 165396.5, 532393.75 165396.45, 532393.6 165398.3, 532391.8 165398.1, 532391.8 165398.25, 532391.75 165398.45, 532391.65 165398.6, 532391.6 165398.75, 532391.5 165398.9, 532391.25 165399.15, 532391.15 165399.2, 532390.7 165399.35, 532390.55 165399.35, 532390.35 165399.3, 532390.3 165400.3, 532388.55 165400.3, 532388.6 165399.25, 532388.1 165399.25, 532387.8 165399.15, 532387.65 165399.05, 532387.5 165398.9, 532387.45 165398.8, 532387.35 165398.65, 532387.3 165398.55, 532387.3 165398.1, 532387.35 165397.9, 532385.4 165397.85, 532385.25 165396, 532384.5 165396, 532383.75 165396.35, 532380.95 165393.2, 532381.6 165392.8, 532382.6 165392.35, 532383.45 165392.05, 532384.25 165391.9, 532385.15 165391.85, 532385.45 165391.85, 532385.65 165389.4, 532386.9 165389.45, 532386.95 165388.25, 532383.9 165388.1, 532366.75 165387.2, 532366.5 165393.1, 532366.45 165393.45, 532364.5 165393.35, 532364.35 165396, 532356.15 165395.55, 532356.4 165391, 532352.85 165390.8, 532352.55 165395.4, 532349.05 165395.2, 532349.6 165381.7, 532349.7 165379.55, 532350.05 165374.05, 532350.08 165369.18, 532350.6 165369.2, 532359.57 165369.61, 532360 165361.85, 532357.55 165361.65, 532357.88 165355.53, 532355.592 165355.412, 532355.58 165355.411, 532355.57 165355.41, 532355.87 165350.02, 532358.17 165350.14, 532358.45 165344.3, 532358.55 165342.95, 532392.75 165347.8, 532392.45 165349.65, 532403.3 165350.3, 532403.15 165352.4, 532405.4 165352.5, 532405.05 165359.05, 532406.9 165359.15, 532412.95 165359.5, 532413.55 165359.55, 532416.55 165359.7, 532416.85 165355.15, 532417.4 165355.15, 532418.8 165355.2, 532418.85 165352.55, 532422.6 165352.75, 532423.5 165351.65, 532425.85 165351.8, 532426.5 165352.95, 532431.45 165353.35, 532431.55 165352.75, 532434.25 165352.95, 532440.4 165353.15, 532440.4 165353.75, 532444.65 165353.9, 532444.45 165359, 532444.35 165361.5, 532443.7 165361.4, 532443.5 165364, 532447.25 165364.25, 532447.7 165364.85, 532447.4 165369.2, 532446.9 165369.75, 532443.4 165369.5, 532443.1 165372.6, 532443.8 165372.65, 532444.05 165373.45, 532443.4 165374.05, 532442.8 165387.45, 532443.4 165387.8, 532443.5 165388.6, 532442.95 165389, 532442.75 165394.4, 532443.45 165394.75, 532443.3 165395.6, 532442.85 165395.85, 532442.4 165395.75, 532441.9 165404.15, 532442.4 165404.4, 532442.35 165405.3, 532441.5 165405.5, 532435.45 165405.15, 532434.55 165405.35, 532434.15 165405.2, 532433.95 165404.75, 532423.15 165404.15, 532422.95 165404.5, 532422.7 165405.3, 532421.9 165405.3, 532421.45 165404.85, 532420.8 165404.8, 532420.75 165405.6), (532425.35 165392.25, 532427.15 165392.3, 532427.1 165393.55, 532429.25 165393.6, 532429.6 165388.1, 532430.15 165388.15, 532430.25 165385.45, 532425.75 165385.25, 532425.35 165392.25))",False,16.96,0.17877818758869632,,PRE-1914,Education,Education,Education,Education,Education,,,,,,,,,,,,,,,,532399.2909454475,165375.11119922673,1.0,nondom
52401133910004,1,"POLYGON ((532349.7 165379.55, 532342.55 165379.85, 532342.55 165381.8, 532337.2 165381.9, 532325.7 165382.1, 532325.5 165374.7, 532325.85 165374.4, 532326.1 165374.4, 532341.65 165374.05, 532343.6 165374, 532350.05 165374.05, 532349.7 165379.55))",False,8.86,0.14905149857842076,,PRE-1914,Hospitality,,,,,,,,,,,,,,,,,,,,532337.0007024455,165377.78129986217,1.0,nondom
52401143210005,8,"POLYGON ((532504.7 165430.7, 532505.1 165426.95, 532500 165426.55, 532489.05 165425.55, 532488.85 165426.65, 532479.2 165425.75, 532479.05 165428.9, 532479.05 165429.1, 532477.55 165429, 532477.7 165427.2, 532456.65 165426.3, 532456.15 165435.75, 532455.4 165451.1, 532455.1 165457.3, 532475.6 165461.85, 532477.15 165462.2, 532494.45 165465.95, 532494.65 165463.25, 532500 165463.6, 532502.65 165463.8, 532502.75 165462.85, 532502.9 165459.5, 532503.3 165452.4, 532503.3 165451.6, 532503.8 165445.9, 532501.3 165445.65, 532501.45 165443.6, 532503.8 165443.8, 532504.85 165431.2, 532504.9 165430.7, 532504.7 165430.7))",False,18.41,0.1525003642400675,,1945-1980,Shop,Office,Shop,Office,Office,Office,Office,Office,,,,,,,,,,,,,532480.6364241093,165444.2934750435,3.0,nondom
52401143210029,3,"POLYGON ((532489.35 165493.45, 532484.45 165492.15, 532483.3 165491.85, 532487.85 165470.75, 532493.95 165472, 532489.35 165493.45))",False,11.88,0.11742979337975307,,1945-1980,Shop,Shop,Shop,,,,,,,,,,,,,,,,,,532488.6194536012,165482.02047783035,3.0,nondom
52401143210047,2,"POLYGON ((532358.35 165484.2, 532352.7 165482.7, 532342.35 165482.2, 532336.95 165481.95, 532337.1 165479.55, 532337.35 165470.2, 532357.5 165470.3, 532361.8 165471.5, 532358.35 165484.2))",False,12.13,0.12941487164107535,,1945-1980,Shop,Shop,,,,,,,,,,,,,,,,,,,532348.9569806571,165476.38326683283,3.0,nondom
52401149010009,5,"POLYGON ((532058.85 165504.85, 532050.5 165509.25, 532045.75 165500, 532037.8 165485, 532044.6 165481.15, 532044.95 165481.71, 532046.14 165483.61, 532050.9 165491.35, 532056.1 165500, 532057.15 165501.7, 532057.96 165502.96, 532059.1 165504.75, 532058.85 165504.85))",False,11.98,0.10264610895282048,,POST-1980,Office,Office,Office,Office,Office,,,,,,,,,,,,,,,,532048.2478830055,165495.42563376782,4.0,nondom
52401149010023,3,"POLYGON ((532226.25 165489.8, 532228.3 165490.7, 532227.2 165493.35, 532234.42 165496.29, 532232.94 165499.86, 532232.88 165500, 532231.49 165503.35, 532221.55 165500, 532212.65 165497.45, 532214.3 165493.4, 532215.5 165488.3, 532215.8 165488.45, 532216.7 165488.65, 532218.35 165489, 532219.4 165486.9, 532223.25 165488.55, 532226.25 165489.8))",False,8.29,0.09073906649344594,,PRE-1914,Shop,Shop,Shop,,,,,,,,,,,,,,,,,,532223.2511578131,165495.30667120015,1.0,nondom
52401149010030,3,"POLYGON ((532173.7 165458, 532169.5 165455.4, 532169.75 165454.9, 532172.5 165449.35, 532175.65 165441.55, 532176.11 165441.75, 532185.4 165445.7, 532188.9 165446.8, 532193.2 165448, 532196.7 165449.5, 532193.05 165458.3, 532192.73 165458.14, 532189.92 165456.82, 532187.15 165455.55, 532184.8 165454.45, 532182.4 165453.35, 532177.35 165450.9, 532173.7 165458))",False,8.74,0.10902819430793728,,PRE-1914,Shop,Hospitality,Hospitality,,,,,,,,,,,,,,,,,,532182.9914828339,165450.35267966485,1.0,nondom
52401149210002,2,"POLYGON ((531902.85 165469, 531905.55 165473, 531890.7 165481.15, 531887.85 165476.35, 531891 165473.3, 531893.75 165471.7, 531894.8 165473.55, 531902.85 165469))",False,4.73,0.1129226743528389,,1945-1980,Office,Office,,,,,,,,,,,,,,,,,,,531896.1410690561,165474.9607685112,3.0,nondom
52401149210004,3,"POLYGON ((531939.4 165345.3, 531939.7 165345.35, 531941.15 165345.45, 531941.4 165348, 531943.6 165347.75, 531945.2 165362.05, 531937.75 165362.9, 531937.35 165359.35, 531937.25 165358.25, 531935.1 165358.5, 531935.2 165359.55, 531937.7 165381.9, 531941.5 165388.8, 531943.65 165388.75, 531943.75 165391.05, 531943.75 165393, 531945.1 165392.95, 531945 165390.97, 531946.3 165391, 531946.35 165391.8, 531950.4 165391.65, 531953.9 165391.55, 531960.2 165391.35, 531960.2 165390.5, 531961.25 165390.4, 531961.3 165391.3, 531963.45 165391.2, 531963.35 165387.8, 531963.3 165386.75, 531961.05 165386.95, 531960.9 165384.35, 531958.45 165384.45, 531958.4 165383.85, 531953.5 165384.1, 531953.7 165386.55, 531950.15 165386.75, 531950.1 165383.15, 531952.8 165383, 531952.55 165377.6, 531965.4 165376.95, 531965.3 165375.6, 531965.45 165375.6, 531967.65 165375.5, 531968.2 165375.45, 531968.3 165376.8, 531974.4 165376.5, 531974.15 165382.8, 531974.75 165382.8, 531974.85 165384.85, 531977.35 165384.7, 531977.25 165382.75, 531977.85 165382.75, 531977.95 165384.85, 531980.85 165384.7, 531980.75 165382.75, 531981.45 165382.75, 531981.55 165384.75, 531984.45 165384.6, 531984.35 165382.7, 531985 165382.75, 531985.1 165384.75, 531988.4 165384.6, 531988.3 165382.75, 531988.85 165382.75, 531988.95 165384.7, 531991.25 165384.6, 531991.15 165382.8, 531991.55 165382.9, 531991.95 165383.9, 531992.05 165384.1, 531992.5 165401.6, 531987.8 165401.75, 531987.65 165397.35, 531984.1 165397.5, 531984.15 165399.55, 531982.9 165399.55, 531982.85 165397.65, 531979.9 165397.7, 531980 165399.7, 531978.8 165399.75, 531978.75 165397.9, 531975.35 165398, 531975.4 165399.85, 531974.4 165399.9, 531974.25 165399.35, 531969.75 165399.5, 531970.05 165407.6, 531960.4 165408.05, 531959.95 165399.8, 531945.95 165400.55, 531947 165403.6, 531950.15 165403.4, 531950.45 165408.55, 531947 165408.75, 531946.55 165411, 531941.05 165400.45, 531935 165389.3, 531930.7 165381.3, 531928.05 165359.3, 531927.5 165359.35, 531926.05 165346.8, 531939.4 165345.3))",False,8.6,0.14826912402697193,,PRE-1914,Education,Education,Education,,,,,,,,,,,,,,,,,,531955.9381603316,165382.87439251578,1.0,nondom
52401149210005,1,"POLYGON ((531889.25 165455.2, 531884.8 165457.95, 531884.25 165457.05, 531883.2 165457.7, 531882.45 165456.45, 531883.55 165455.8, 531881.95 165453.2, 531886.3 165450.5, 531889.25 165455.2))",False,3.22,0.17238772236697275,,1918-1939,Shop,,,,,,,,,,,,,,,,,,,,531885.4537839281,165454.36931657977,2.0,nondom
52401149310001,2,"POLYGON ((532057.5 165343.8, 532057.9 165334.9, 532064.3 165335.5, 532063.9 165344.1, 532057.5 165343.8))",False,4.12,0.10519757451671097,,1945-1980,Shop,Shop,,,,,,,,,,,,,,,,,,,532060.8818440726,165339.57216091137,3.0,nondom
52401149310002,2,"POLYGON ((532053.95 165443.5, 532053.35 165443.1, 532051.9 165440.15, 532053.5 165438.2, 532055.1 165439.3, 532055.65 165438.6, 532056.4 165439.15, 532057.15 165438, 532065.85 165444.35, 532062 165449.65, 532053.95 165443.5))",False,4.88,0.13368039564806755,,PRE-1914,Education,Education,,,,,,,,,,,,,,,,,,,532058.8744011257,165443.34424751732,1.0,nondom
52401149510001,2,"POLYGON ((531699.25 165465.6, 531695.4 165460.35, 531702.95 165454.8, 531706.9 165460.2, 531705.8 165461.05, 531699.25 165465.6))",False,5.89,0.14455921877219302,,1945-1980,Education,Education,,,,,,,,,,,,,,,,,,,531701.1548789325,165460.2339925125,3.0,nondom
52401019310007,2,"POLYGON ((531540.95 165328.35, 531542.1 165327.65, 531542 165327.4, 531538.1 165320.85, 531537.6 165321.05, 531537.5 165322.25, 531532.65 165321.3, 531531.1 165329.8, 531536.5 165330.7, 531542.8 165331.55, 531541.14 165328.68, 531540.95 165328.35))",False,4.53,0.11661253763035255,,PRE-1914,Factory,Factory,,,,,,,,,,,,,,,,,,,531536.5504970107,165326.60597051465,1.0,nondom
52401019310013,3,"POLYGON ((531514.4 165317.75, 531512.6 165326.15, 531507.25 165325.05, 531508.9 165316.65, 531514.4 165317.75))",False,8.49,0.0743561348490787,,PRE-1914,Shop,Shop,Shop,,,,,,,,,,,,,,,,,,531510.7928872387,165321.38173750462,1.0,nondom
52401020910001,2,"POLYGON ((532065.35 164864.75, 532066.07 164863.55, 532067.6 164861, 532081.01 164869, 532077.4 164875.03, 532076.31 164874.39, 532063.95 164867.1, 532065.35 164864.75))",False,6.45,0.13164296514690801,,PRE-1914,Office,Office,,,,,,,,,,,,,,,,,,,532072.4761176303,164868.02491269523,1.0,nondom
52401020910004,3,"POLYGON ((532065.35 164864.75, 532063.95 164867.1, 532061.23 164871.75, 532055.66 164868.45, 532049.4 164864.75, 532050.9 164859.6, 532051.25 164858.7, 532057.45 164847.2, 532063.25 164836.6, 532076.74 164843.41, 532082.67 164846.4, 532078.4 164853.25, 532070 164848, 532064.8 164849.4, 532060.1 164857.4, 532061.4 164862.4, 532065.35 164864.75))",False,6.46,0.20482022399093047,,PRE-1914,Office,Office,Office,,,,,,,,,,,,,,,,,,532063.3880399094,164852.7682912142,1.0,nondom
52401021810004,1,"POLYGON ((532390.49 164504.67, 532388.23 164503.54, 532386.2 164508.1, 532388.4 164509.11, 532390 164509.85, 532389.4 164511.1, 532387.9 164510.35, 532386.45 164513.46, 532391.05 164515.75, 532389.8 164518.25, 532391.11 164518.9, 532396.65 164507.7, 532395.75 164507.25, 532395.6 164505.8, 532393.9 164504.95, 532392.75 164505.8, 532392.11 164505.48, 532390.49 164504.67))",False,5.17,0.18988288458459335,,PRE-1914,Office,,,,,,,,,,,,,,,,,,,,532391.1981051443,164510.07091961792,1.0,nondom
52401021810008,1,"POLYGON ((532442.6 164530.25, 532441.23 164534.37, 532436.5 164532.75, 532436.8 164531.9, 532433.51 164530.77, 532432.85 164530.55, 532433.3 164529.25, 532431.4 164528.6, 532432.1 164526.6, 532434.76 164527.52, 532442.6 164530.25))",False,5.52,0.135480241889836,,PRE-1914,Shop,,,,,,,,,,,,,,,,,,,,532437.3439071161,164530.436207942,1.0,nondom
52401021910006,4,"POLYGON ((532409.2 164783.35, 532419.88 164783.4, 532419.85 164787.7, 532418.8 164788.8, 532404.6 164788.72, 532404.6 164786.85, 532406.25 164786.8, 532406.25 164785.45, 532409.25 164785.35, 532409.2 164783.35))",False,9.73,0.13578208919043827,,PRE-1914,Hospitality,Hospitality,Office,Office,,,,,,,,,,,,,,,,,532413.1301505863,164786.2717209156,1.0,nondom
52401022010009,2,"POLYGON ((532452.15 164717.44, 532439.72 164716.84, 532439.86 164714.75, 532439.9 164714.75, 532452.1 164715.35, 532452.26 164715.36, 532452.15 164717.44))",False,11.9,0.11525467287047324,,PRE-1914,Office,Office,,,,,,,,,,,,,,,,,,,532445.9919205266,164716.09662428504,1.0,nondom
52401022010015,4,"POLYGON ((532445.9 164814.95, 532475.7 164818.45, 532474 164823.65, 532473.82 164823.63, 532471.85 164823.39, 532468.3 164822.95, 532465.4 164822.55, 532464 164822.4, 532461.85 164822.15, 532459.75 164821.95, 532457.6 164821.8, 532445.24 164820.33, 532445.4 164819.01, 532445.9 164814.95))",False,6.82,0.177401268386785,,PRE-1914,Office,Office,Office,Office,,,,,,,,,,,,,,,,,532460.1513829782,164819.31223944025,1.0,nondom
52401022010019,3,"POLYGON ((532454.61 164836.81, 532449.58 164836.19, 532443.5 164835.45, 532441.45 164835.2, 532440.5 164845.6, 532440.45 164846.2, 532440.45 164846.8, 532440.4 164847.4, 532440.3 164848.35, 532452.42 164850.7, 532455.85 164851.4, 532456.35 164848.8, 532451.1 164847.75, 532452.31 164841.59, 532454 164841.9, 532454.55 164842.9, 532457.55 164843.25, 532457.84 164841.63, 532458.6 164837.3, 532454.61 164836.81))",False,6.24,0.16566007798938,,PRE-1914,Shop,Shop,Shop,,,,,,,,,,,,,,,,,,532448.3877752494,164842.58625442005,1.0,nondom
52401120610006,2,"POLYGON ((532488.75 164531.11, 532483.89 164529.67, 532480.07 164528.53, 532480.54 164526.89, 532482.95 164527.55, 532482.8 164528.1, 532484.3 164528.5, 532484.95 164526.35, 532485.58 164524.37, 532486.28 164524.57, 532490.31 164525.77, 532489.73 164527.74, 532488.75 164531.11))",False,5.44,0.11437906497399253,,PRE-1914,Office,Office,,,,,,,,,,,,,,,,,,,532486.2109535171,164527.84163842938,1.0,nondom
52401120610017,1,"POLYGON ((532478.98 164575.47, 532482.49 164576.4, 532480.79 164582.69, 532477.2 164581.7, 532478.98 164575.47))",False,3.24,0.10625986469992578,,PRE-1914,Factory,,,,,,,,,,,,,,,,,,,,532479.8630136147,164579.07866940938,1.0,nondom
52401124410001,2,"POLYGON ((532264.03 165465.27, 532267.48 165457.61, 532268.11 165457.89, 532270.59 165452.38, 532270.79 165453, 532271.49 165455.17, 532272.02 165456.41, 532269.93 165460.88, 532270.6 165464.19, 532270.91 165464.23, 532271.23 165464.29, 532271.54 165464.36, 532271.84 165464.45, 532272.14 165464.55, 532272.44 165464.65, 532272.73 165464.78, 532273.02 165464.91, 532273.31 165465.06, 532273.58 165465.21, 532273.85 165465.38, 532274.12 165465.56, 532274.37 165465.74, 532274.62 165465.94, 532274.86 165466.15, 532275.1 165466.37, 532275.32 165466.59, 532275.53 165466.83, 532275.74 165467.07, 532275.93 165467.32, 532276.12 165467.58, 532276.29 165467.84, 532276.45 165468.12, 532276.6 165468.4, 532276.76 165468.73, 532277.81 165468.4, 532278.34 165470.09, 532277.3 165470.45, 532277.39 165470.91, 532277.48 165471.4, 532277.54 165471.9, 532277.59 165472.4, 532277.61 165472.9, 532277.61 165473.4, 532277.59 165473.9, 532277.56 165474.4, 532277.5 165474.89, 532277.42 165475.39, 532277.32 165475.88, 532277.21 165476.37, 532277.07 165476.85, 532276.8 165477.63, 532279.08 165478.77, 532280.35 165479.22, 532281.63 165479.62, 532283.76 165480.17, 532285.08 165480.43, 532286.41 165480.64, 532287.74 165480.79, 532289.95 165480.93, 532306.51 165480.81, 532306.49 165480.13, 532310.03 165480.04, 532310.04 165485.44, 532306.54 165485.45, 532306.54 165484.81, 532287.89 165485.01, 532281.86 165485.05, 532278.69 165485.26, 532277.05 165485.51, 532277.19 165486.65, 532274.93 165486.72, 532274.82 165485.85, 532274.82 165485.83, 532269.71 165486.7, 532269.16 165486.82, 532268.6 165486.92, 532268.04 165487, 532267.47 165487.05, 532266.7 165487.09, 532266.41 165487.1, 532266.13 165487.1, 532265.84 165487.1, 532265.55 165487.1, 532265.27 165487.09, 532264.98 165487.07, 532264.69 165487.05, 532264.41 165487.02, 532264.13 165486.98, 532263.85 165486.92, 532263.58 165486.86, 532263.31 165486.78, 532262.99 165486.66, 532262.68 165486.52, 532262.38 165486.37, 532262.09 165486.2, 532261.81 165486.02, 532261.53 165485.83, 532261.27 165485.62, 532261.01 165485.4, 532260.77 165485.17, 532260.53 165484.93, 532260.3 165484.68, 532260.04 165484.37, 532259.83 165484.1, 532259.64 165483.83, 532259.45 165483.55, 532259.28 165483.26, 532259.12 165482.96, 532258.97 165482.66, 532258.84 165482.35, 532258.71 165482.03, 532258.6 165481.72, 532258.51 165481.39, 532258.42 165481.07, 532258.35 165480.74, 532258.29 165480.4, 532258.23 165479.84, 532257.6 165479.55, 532257.76 165479.19, 532258.4 165479.48, 532258.73 165478.75, 532264.34 165466.29, 532264.67 165465.56, 532264.03 165465.27))",False,32.3,0.1792717899129971,,PRE-1914,Hospitality,Hospitality,,,,,,,,,,,,,,,,,,,532275.4941364119,165476.89804455178,1.0,nondom
52401124410020,1,"POLYGON ((532299.07 165450.98, 532299.13 165451.8, 532299.42 165455.71, 532296.54 165455.98, 532292.9 165456.31, 532293.05 165455.47, 532293.29 165454.19, 532293.8 165451.45, 532298.64 165451.02, 532299.07 165450.98))",False,15.41,0.29057310638939193,,PRE-1914,Shop,,,,,,,,,,,,,,,,,,,,532296.2894245831,165453.69942939805,1.0,nondom
52401124410024,4,"POLYGON ((532307.62 165447.2, 532302.32 165447.69, 532301.83 165443.25, 532307.16 165442.68, 532307.62 165447.2))",False,16.45,0.18647846299726767,,PRE-1914,Hospitality,Office,Office,Office,,,,,,,,,,,,,,,,,532304.7397502176,165445.2015739827,1.0,nondom
52401124510001,4,"POLYGON ((532263.15 165410.6, 532260.05 165409.15, 532258.714 165411.847, 532257.4 165414.5, 532261 165416.1, 532261.55 165414.85, 532264.35 165416, 532264.7 165416.15, 532271.75 165419.1, 532273.4 165415.1, 532265 165411.5, 532263.15 165410.6))",False,6.85,0.1468666266895835,,PRE-1914,Shop,Shop,Shop,Shop,,,,,,,,,,,,,,,,,532265.237128623,165414.21104632574,1.0,nondom
52401126410004,2,"POLYGON ((532423.34 164827.15, 532423.65 164831.25, 532423.22 164831.33, 532413.15 164832.4, 532413 164831.35, 532414 164831.3, 532413.85 164829.4, 532416.8 164829.05, 532416.67 164827.7, 532423.34 164827.15))",False,4.84,0.119940659107767,,PRE-1914,Hospitality,Hospitality,,,,,,,,,,,,,,,,,,,532418.8993055162,164829.85578383514,1.0,nondom
52401126410005,2,"POLYGON ((532411.09 164817.11, 532422.5 164816.15, 532422.78 164819.85, 532416.1 164820.47, 532415.95 164818.85, 532412.2 164819.2, 532412.1 164818.05, 532411.2 164818.05, 532411.09 164817.11))",False,5.89,0.16313263801501132,,PRE-1914,Shop,Shop,,,,,,,,,,,,,,,,,,,532417.81610973,164818.19396933954,1.0,nondom
52401126410006,2,"POLYGON ((532422.78 164819.85, 532423.05 164823.45, 532412.16 164824.2, 532412.05 164823.2, 532413.3 164823.05, 532413.05 164820.75, 532416.1 164820.47, 532422.78 164819.85))",False,6.56,0.1154679522058345,,PRE-1914,Shop,Shop,,,,,,,,,,,,,,,,,,,532417.9268451747,164822.0931646632,1.0,nondom
52401127410005,2,"POLYGON ((532395.74 164962.33, 532394.4 164966.73, 532384.15 164963.76, 532385.48 164959.35, 532395.74 164962.33))",False,10.39,0.08981851755881333,,PRE-1914,Office,Office,,,,,,,,,,,,,,,,,,,532389.941364014,164963.04170400862,1.0,nondom
52401127410011,3,"POLYGON ((532410.08 164915.09, 532408.64 164919.84, 532398.19 164917.21, 532399.45 164912.98, 532410.08 164915.09))",False,11.07,0.11120258342679522,,PRE-1914,Shop,Shop,Shop,,,,,,,,,,,,,,,,,,532404.1929333296,164916.30230569173,1.0,nondom
52401127510002,3,"POLYGON ((532501 165005.1, 532501.35 165003.4, 532500 165003.1, 532497.95 165002.6, 532498.2 165001.6, 532495.75 165001.1, 532496 165000, 532494.2 164999.65, 532494.15 165000, 532492.6 165006.75, 532494.15 165007.1, 532492.85 165012.9, 532493.3 165012.9, 532493.05 165014, 532495.05 165014.45, 532495.3 165013.25, 532499.25 165014.1, 532500 165010.55, 532501.2 165005.15, 532501 165005.1))",False,7.01,0.168244714926329,,PRE-1914,Office,Office,Office,,,,,,,,,,,,,,,,,,532496.7108477821,165007.41479104428,1.0,nondom
52401127510004,1,"POLYGON ((532432.37 164959.9, 532420.29 164956.42, 532418.31 164963.27, 532430.36 164966.74, 532430.98 164964.65, 532434.4 164965.65, 532435.73 164961.33, 532435.8 164960.9, 532432.37 164959.9))",False,8.71,0.0504369533527696,,PRE-1914,Shop,,,,,,,,,,,,,,,,,,,,532426.6719677075,164961.77905100025,1.0,nondom
52401127510005,1,"POLYGON ((532435.7 164948.53, 532432.41 164948.12, 532431.1 164947.95, 532431.2 164946.55, 532427.62 164946.24, 532428 164942.35, 532421.1 164941.7, 532421.35 164940.85, 532421.65 164940.05, 532422.1 164939.35, 532422.6 164938.7, 532423.25 164938.1, 532423.95 164937.65, 532424.75 164937.25, 532425.6 164937, 532426.45 164936.9, 532446.65 164938.85, 532446.55 164939.32, 532446.36 164940.88, 532445.5 164948.05, 532444.52 164948.15, 532437.8 164948.8, 532435.7 164948.53))",False,4.38,0.1078383964904162,,PRE-1914,Shop,,,,,,,,,,,,,,,,,,,,532435.3981619029,164942.54043582376,1.0,nondom
52401127510010,2,"POLYGON ((532420.29 164956.42, 532421.2 164953.25, 532427.55 164954.9, 532427.95 164953.2, 532433.88 164954.75, 532432.37 164959.9, 532420.29 164956.42))",False,10.47,0.1261705622925114,,PRE-1914,Office,Office,,,,,,,,,,,,,,,,,,,532427.648864392,164956.1887746858,1.0,nondom
52401127510014,1,"POLYGON ((532421.2 164953.25, 532419.8 164952.85, 532419 164950.95, 532420.25 164946.6, 532427.49 164947.53, 532429.1 164947.75, 532428.9 164949.2, 532431.85 164949.95, 532432.41 164948.12, 532435.7 164948.53, 532433.88 164954.75, 532427.95 164953.2, 532427.55 164954.9, 532421.2 164953.25))",False,8.47,0.108469952734638,,PRE-1914,Shop,,,,,,,,,,,,,,,,,,,,532426.8502087388,164950.80027305568,1.0,nondom
52401128310006,1,"POLYGON ((532357.45 165058.6, 532368.25 165061.75, 532370.45 165054.55, 532369.5 165054.2, 532359.6 165051.6, 532359.2 165051.45, 532358.75 165053.25, 532355.85 165052.55, 532354.95 165056.35, 532357.85 165057.05, 532357.7 165057.6, 532356.4 165057.2, 532356.1 165058.15, 532355.4 165060.8, 532355.1 165061.8, 532356.5 165062.15, 532356.7 165061.2, 532356.35 165061.1, 532357 165058.45, 532357.45 165058.6))",False,9.65,0.1333358964347884,,PRE-1914,Shop,,,,,,,,,,,,,,,,,,,,532362.6823296716,165056.52837145014,1.0,nondom
52401128310008,4,"POLYGON ((532349.3 164986.85, 532353.27 164988.37, 532374.7 164996.6, 532375.3 164994.95, 532385 164997.6, 532375.95 164992.29, 532375.98 164992.14, 532386.01 164995.2, 532384.75 165000, 532383.5 165004.55, 532376.35 165001.95, 532369.9 165000, 532347.45 164991.7, 532348.24 164989.62, 532349.3 164986.85))",False,7.34,0.12728208800125015,,PRE-1914,Office,Office,Office,Office,,,,,,,,,,,,,,,,,532368.2940580343,164995.85787615288,1.0,nondom
52401128310012,1,"POLYGON ((532367.6 165064.2, 532366.1 165069.65, 532363.35 165070.35, 532355 165067.5, 532355.3 165066.4, 532352.4 165065.65, 532353.3 165062.05, 532356.3 165062.8, 532356.5 165062.15, 532356.7 165061.2, 532367.6 165064.2))",False,9.61,0.1123990707402745,,PRE-1914,Shop,,,,,,,,,,,,,,,,,,,,532360.3471327353,165065.7079311818,1.0,nondom
52401128410002,1,"POLYGON ((532420.5 165071.45, 532432.85 165073.9, 532431.8 165079.3, 532419.45 165076.95, 532420.5 165071.45))",False,7.14,0.13422826340400335,,PRE-1914,Shop,,,,,,,,,,,,,,,,,,,,532426.1319292781,165075.39577977877,1.0,nondom
52401128410005,1,"POLYGON ((532376.2 165181.7, 532375.6 165185.1, 532375.25 165187.1, 532375.15 165187.7, 532375.1 165187.85, 532361.9 165185.75, 532362.9 165179.45, 532376.2 165181.7))",False,7.1,0.1346225208064288,,PRE-1914,Shop,,,,,,,,,,,,,,,,,,,,532369.0066440196,165183.6803032536,1.0,nondom
52401128410007,1,"POLYGON ((532404.9 165100.9, 532410.25 165102, 532408 165113.2, 532402.65 165112.15, 532404.9 165100.9))",False,6.7,0.1567024553425575,,PRE-1914,Shop,,,,,,,,,,,,,,,,,,,,532406.4484286419,165107.0604319234,1.0,nondom
52401128410008,1,"POLYGON ((532408 165113.2, 532410.25 165102, 532414.3 165102.8, 532414.2 165103.5, 532415.6 165103.75, 532413.45 165114.25, 532408 165113.2))",False,6.32,0.19512046058334276,,PRE-1914,Shop,,,,,,,,,,,,,,,,,,,,532411.8100129187,165108.20360122796,1.0,nondom
52401128410009,1,"POLYGON ((532428.65 165095.45, 532427.6 165100.55, 532415.2 165098.3, 532416.25 165093, 532428.65 165095.45))",False,6.95,0.0790865882352941,,PRE-1914,Shop,,,,,,,,,,,,,,,,,,,,532421.886995718,165096.81638628524,1.0,nondom
52401128410013,2,"POLYGON ((532380.8 165107.95, 532381.9 165102.25, 532396.65 165105.05, 532395.6 165110.8, 532380.8 165107.95))",False,6.48,0.17257842242885527,,PRE-1914,Hospitality,Hospitality,,,,,,,,,,,,,,,,,,,532388.7455482008,165106.51595648055,1.0,nondom
52401128410016,2,"POLYGON ((532381.9 165102.25, 532383.09 165096.03, 532397.8 165098.8, 532397.7 165099.3, 532396.65 165105.05, 532381.9 165102.25))",False,6.48,0.17257842242885527,,PRE-1914,Hospitality,Hospitality,,,,,,,,,,,,,,,,,,,532389.86199702,165100.53472547987,1.0,nondom
52401128410017,1,"POLYGON ((532397.15 165111.1, 532399.35 165099.85, 532404.9 165100.9, 532402.65 165112.15, 532397.15 165111.1))",False,6.53,0.148100141856582,,PRE-1914,Shop,,,,,,,,,,,,,,,,,,,,532401.0144919953,165105.99189440635,1.0,nondom
52401128910002,4,"POLYGON ((532259.4 165066.15, 532254.35 165074.85, 532249.2 165071.8, 532252.1 165066.85, 532252.75 165065.75, 532254.15 165066.55, 532255.65 165063.95, 532259.4 165066.15))",False,8.0,0.11106372112469666,,PRE-1914,Office,Office,Office,Office,,,,,,,,,,,,,,,,,532254.3128175746,165069.35490988026,1.0,nondom
52401131610004,2,"POLYGON ((532330.3 165302.15, 532353.95 165307.6, 532364.9 165310, 532364.15 165313.1, 532349.1 165311.05, 532336.8 165309.4, 532328.5 165308.15, 532330.1 165302.7, 532330.3 165302.15))",False,12.5,0.15304020337151122,,PRE-1914,Hospitality,Hospitality,,,,,,,,,,,,,,,,,,,532344.9943121398,165308.03697617026,1.0,nondom
52401131610006,2,"POLYGON ((532369.75 165290.25, 532369.05 165293, 532369 165293.2, 532367.65 165298.85, 532366.2 165304.85, 532354 165302.2, 532342.6 165299.75, 532331.7 165297.3, 532333.05 165292.95, 532333.85 165290.1, 532335.3 165284.7, 532335.55 165284.7, 532355.65 165290.35, 532356.6 165286.95, 532369.75 165290.25))",False,20.74,0.14503401497031895,,PRE-1914,Shop,Shop,,,,,,,,,,,,,,,,,,,532351.4005893583,165294.62278602275,1.0,nondom
52401131610009,1,"POLYGON ((532337.15 165314.1, 532327 165313.5, 532328.5 165308.15, 532336.8 165309.4, 532349.1 165311.05, 532364.15 165313.1, 532363.4 165316.05, 532362.75 165316, 532360.1 165315.85, 532355.55 165315.6, 532345.8 165315.15, 532345.85 165314.65, 532337.15 165314.1))",False,6.31,0.194567650917318,,PRE-1914,Shop,,,,,,,,,,,,,,,,,,,,532344.2014345111,165312.5672066361,1.0,nondom
52401131610011,2,"POLYGON ((532343.5 165278.15, 532337.85 165276.55, 532338.95 165272.65, 532344.6 165274.15, 532343.5 165278.15))",False,10.87,0.11449185846422226,,PRE-1914,Hospitality,Hospitality,,,,,,,,,,,,,,,,,,,532341.2356540743,165275.379545218,1.0,nondom
52401131910001,2,"POLYGON ((532327.9 165235.2, 532327.3 165237.6, 532310.25 165233.35, 532315.15 165233.9, 532321.7 165234.55, 532327.9 165235.2))",False,3.43,0.2084940843592752,,PRE-1914,Hospitality,Hospitality,,,,,,,,,,,,,,,,,,,532321.8758709789,165235.39733480432,1.0,nondom
52401132610010,1,"POLYGON ((531709.9 165310.25, 531719.55 165311.85, 531718.8 165315.9, 531714.8 165315.1, 531714.6 165316.4, 531713.3 165316.1, 531713.55 165314.9, 531709.15 165314, 531709.9 165310.25))",False,3.28,0.11009763327722101,,PRE-1914,Shop,,,,,,,,,,,,,,,,,,,,531714.3900793163,165313.12105211915,1.0,nondom
52401132610011,2,"POLYGON ((531590.35 165290.6, 531586.3 165299.05, 531577.75 165295, 531578.1 165294.3, 531581.15 165287.8, 531587.4 165290.8, 531589.25 165286.9, 531591 165287.75, 531590.35 165290.6))",False,5.1,0.123608904846795,,PRE-1914,Office,Office,,,,,,,,,,,,,,,,,,,531584.4036777975,165292.96203771452,1.0,nondom
52401133610004,4,"POLYGON ((532324.5 165255.55, 532308.03 165251.08, 532309.44 165246.05, 532314.9 165247.5, 532324.2 165249.95, 532325.5 165252.3, 532324.5 165255.55))",False,10.31,0.0852380349455555,,PRE-1914,Office,Office,Office,Office,,,,,,,,,,,,,,,,,532316.8675325363,165250.78525163778,1.0,nondom
52401133610006,1,"POLYGON ((532316.562 165286.104, 532315.056 165285.693, 532307.189 165283.452, 532301.7 165281.9, 532301.3 165281.75, 532302.4 165278.35, 532305.5 165279.35, 532307.3 165273.8, 532318.4 165277.55, 532318 165279.3, 532316.562 165286.104))",False,10.63,0.0810791517950871,,PRE-1914,Shop,,,,,,,,,,,,,,,,,,,,532310.8058691374,165280.11252126002,1.0,nondom
52401133610010,1,"POLYGON ((532309.1 165268.05, 532309.7 165265.9, 532320.45 165269.35, 532319.6 165272.2, 532313.8 165270.3, 532314.05 165269.7, 532309.1 165268.05))",False,11.95,0.0936361065950378,,PRE-1914,Shop,,,,,,,,,,,,,,,,,,,,532315.0615190814,165269.02737308235,1.0,nondom
52401143210004,5,"POLYGON ((532401 165433.05, 532400.9 165435.25, 532395.2 165435, 532395.3 165432.45, 532395.15 165432.45, 532395.2 165430.15, 532398.4 165430.2, 532401.15 165430.6, 532401 165433.05))",False,12.54,0.15948572018182114,,PRE-1914,Shop,Office,Office,Office,Office,,,,,,,,,,,,,,,,532398.0998410023,165432.67751179545,1.0,nondom
52401143210006,1,"POLYGON ((532403 165482.5, 532409.05 165484.1, 532405.65 165496.9, 532399.65 165495.35, 532403 165482.5))",False,4.75,0.12361839151224265,,PRE-1914,Shop,,,,,,,,,,,,,,,,,,,,532404.3389057905,165489.70166416926,1.0,nondom
52401143210007,2,"POLYGON ((532477.45 165490.3, 532471.5 165488.75, 532475.95 165468.2, 532478.75 165468.85, 532476.9 165477, 532480.15 165477.7, 532477.45 165490.3))",False,9.43,0.30600812948798667,,PRE-1914,Shop,Shop,,,,,,,,,,,,,,,,,,,532475.9712869951,165480.80496355164,1.0,nondom
52401143210008,1,"POLYGON ((532352.25 165449.1, 532357.5 165449.35, 532360.7 165449.55, 532358.25 165458.4, 532352.5 165458.6, 532352.25 165449.1))",False,6.23,0.16613787667553345,,PRE-1914,Shop,,,,,,,,,,,,,,,,,,,,532355.9237303468,165453.60511874733,1.0,nondom
52401143210009,2,"POLYGON ((532427.7 165463.75, 532424.4 165476.05, 532418.05 165474.4, 532421.45 165462.05, 532427.7 165463.75))",False,15.69,0.21280872984638766,,PRE-1914,Shop,Shop,,,,,,,,,,,,,,,,,,,532422.893386581,165469.07482897193,1.0,nondom
52401143210010,2,"POLYGON ((532394.2 165493.9, 532389.65 165492.7, 532387.9 165492.25, 532391.45 165479.35, 532397.55 165481, 532394.2 165493.9))",False,4.95,0.11926528107880462,,PRE-1914,Shop,Shop,,,,,,,,,,,,,,,,,,,532392.76502036,165486.6549148386,1.0,nondom
52401143210011,2,"POLYGON ((532374.15 165474.85, 532379.7 165476.3, 532385.25 165477.7, 532381.9 165490.6, 532376.25 165489.05, 532370.6 165487.55, 532372.1 165482.1, 532374.15 165474.85))",False,4.95,0.11926528107880462,,PRE-1914,Shop,Shop,,,,,,,,,,,,,,,,,,,532377.9734570516,165482.69899857405,1.0,nondom
52401143210012,2,"POLYGON ((532480.15 165477.7, 532481.95 165469.5, 532487.85 165470.75, 532483.3 165491.85, 532477.45 165490.3, 532480.15 165477.7))",False,11.76,0.13458575851393131,,PRE-1914,Shop,Shop,,,,,,,,,,,,,,,,,,,532482.6377131346,165480.60283761774,1.0,nondom
52401143210018,2,"POLYGON ((532397.55 165481, 532402.5 165482.35, 532403 165482.5, 532399.65 165495.35, 532394.2 165493.9, 532397.55 165481))",False,4.84,0.119940659107767,,PRE-1914,Shop,Shop,,,,,,,,,,,,,,,,,,,532398.600060717,165488.181861155,1.0,nondom
52401143210019,2,"POLYGON ((532421.35 165487.45, 532417.9 165500, 532417.89 165500.03, 532417.77 165500, 532405.65 165496.9, 532409.05 165484.1, 532421.35 165487.45))",False,15.43,0.27820432109857834,,PRE-1914,Shop,Shop,,,,,,,,,,,,,,,,,,,532413.4726185001,165492.10675366296,1.0,nondom
52401143210020,1,"POLYGON ((532417.89 165500.03, 532417.9 165500, 532421.35 165487.45, 532426.7 165488.9, 532435.1 165491.15, 532434.85 165500, 532434.7 165504.45, 532430.1 165503.15, 532423.25 165501.4, 532417.89 165500.03))",False,4.19,0.11162524753584657,,PRE-1914,Shop,,,,,,,,,,,,,,,,,,,,532427.2220953028,165495.96208603887,1.0,nondom
52401143210021,2,"POLYGON ((532385.25 165477.7, 532387.15 165478.2, 532391.45 165479.35, 532387.9 165492.25, 532381.9 165490.6, 532385.25 165477.7))",False,4.92,0.1188753370643215,,PRE-1914,Shop,Shop,,,,,,,,,,,,,,,,,,,532386.6360507996,165484.94131640007,1.0,nondom
52401143210028,1,"POLYGON ((532454.8 165463.45, 532470.1 165466.9, 532465.6 165487.2, 532453.85 165484, 532454.8 165463.45))",False,10.06,0.10642223505548175,,PRE-1914,Hospitality,,,,,,,,,,,,,,,,,,,,532461.1790257193,165474.959045756,1.0,nondom
52401143210030,1,"POLYGON ((532358.25 165458.4, 532360.7 165449.55, 532367.9 165449.85, 532365.05 165460.25, 532358.25 165458.4))",False,4.33,0.11225089477230384,,PRE-1914,Shop,,,,,,,,,,,,,,,,,,,,532363.0678907302,165454.52983083832,1.0,nondom
52401143210031,2,"POLYGON ((532413.75 165466.45, 532416.4 165467.15, 532418.1 165461.2, 532415.35 165460.45, 532414.05 165460.1, 532409.85 165458.95, 532406.5 165471.4, 532411.25 165472.65, 532412.05 165472.85, 532413.75 165466.45))",False,6.76,0.13558289313348995,,PRE-1914,Shop,Shop,,,,,,,,,,,,,,,,,,,532411.880331458,165465.51543946043,1.0,nondom
52401143210032,2,"POLYGON ((532406.5 165471.4, 532400.4 165469.75, 532403.8 165457.3, 532409.85 165458.95, 532406.5 165471.4))",False,4.79,0.1161541041876954,,PRE-1914,Shop,Shop,,,,,,,,,,,,,,,,,,,532405.1348295927,165464.35781379882,1.0,nondom
52401143210033,2,"POLYGON ((532386.35 165452.6, 532392 165454.15, 532388.6 165466.6, 532384.7 165465.55, 532383 165465.1, 532386.35 165452.6))",False,4.79,0.1161541041876954,,PRE-1914,Shop,Shop,,,,,,,,,,,,,,,,,,,532387.4895929818,165459.5999908703,1.0,nondom
52401143210034,2,"POLYGON ((532412.05 165472.85, 532413.75 165466.45, 532416.4 165467.15, 532418.1 165461.2, 532421.45 165462.05, 532418.05 165474.4, 532412.05 165472.85))",False,15.31,0.379597876091162,,PRE-1914,Shop,Shop,,,,,,,,,,,,,,,,,,,532416.9534974137,165468.42902448258,1.0,nondom
52401143210035,2,"POLYGON ((532471.5 165488.75, 532466 165487.3, 532465.6 165487.2, 532470.1 165466.9, 532475.95 165468.2, 532471.5 165488.75))",False,9.15,0.16576518152431638,,PRE-1914,Shop,Shop,,,,,,,,,,,,,,,,,,,532470.7869655181,165477.791454061,1.0,nondom
52401143210036,1,"POLYGON ((532372.1 165482.1, 532366.75 165480.65, 532365.25 165486.05, 532358.35 165484.2, 532361.8 165471.5, 532374.15 165474.85, 532372.1 165482.1))",False,3.82,0.19764949588927505,,PRE-1914,Shop,,,,,,,,,,,,,,,,,,,,532365.6639195298,165478.45712733475,1.0,nondom
52401143210040,2,"POLYGON ((532374.05 165450.1, 532380.35 165450.35, 532376.8 165463.4, 532370.85 165461.8, 532374.05 165450.1))",False,4.9,0.1374753075527905,,PRE-1914,Shop,Shop,,,,,,,,,,,,,,,,,,,532375.5672711913,165456.42383279218,1.0,nondom
52401143210041,2,"POLYGON ((532397.8 165455.7, 532403.8 165457.3, 532400.4 165469.75, 532394.4 165468.15, 532397.8 165455.7))",False,4.78,0.12259078908520349,,PRE-1914,Shop,Shop,,,,,,,,,,,,,,,,,,,532399.1000000001,165462.72500000003,1.0,nondom
52401143210042,2,"POLYGON ((532380.35 165450.35, 532386.85 165450.65, 532386.35 165452.6, 532383 165465.1, 532376.8 165463.4, 532380.35 165450.35))",False,4.85,0.1364442614304012,,PRE-1914,Shop,Shop,,,,,,,,,,,,,,,,,,,532381.805437242,165457.39471337348,1.0,nondom
52401143210043,2,"POLYGON ((532370.85 165461.8, 532369.6 165461.45, 532365.05 165460.25, 532367.9 165449.85, 532374.05 165450.1, 532370.85 165461.8))",False,4.92,0.1188753370643215,,PRE-1914,Shop,Shop,,,,,,,,,,,,,,,,,,,532369.5214889618,165455.50588003395,1.0,nondom
52401143210044,2,"POLYGON ((532394.4 165468.15, 532388.6 165466.6, 532392 165454.15, 532397.8 165455.7, 532394.4 165468.15))",False,4.8,0.146379905576866,,PRE-1914,Shop,Shop,,,,,,,,,,,,,,,,,,,532393.2000000001,165461.15000000002,1.0,nondom
52401143210045,2,"POLYGON ((532352.15 165488.55, 532356.95 165489.05, 532362.7 165489.9, 532368.6 165491.5, 532366.45 165500, 532364.6 165507.25, 532359.35 165505.85, 532350.8 165504.85, 532351.1 165500.8, 532351.15 165500, 532351.6 165494.85, 532352.15 165488.55))",False,16.48,0.1858883284566349,,PRE-1914,Shop,Shop,,,,,,,,,,,,,,,,,,,532359.1037859488,165497.53311896097,1.0,nondom
52401143210048,1,"POLYGON ((532433.21 165465.19, 532427.7 165463.75, 532424.4 165476.05, 532430.05 165477.5, 532435.7 165478.95, 532436.3 165466, 532433.21 165465.19))",False,4.0,0.12937885341917885,,PRE-1914,Shop,,,,,,,,,,,,,,,,,,,,532430.9780181227,165471.47109245605,1.0,nondom
52401143210049,2,"POLYGON ((532336.1 165493.7, 532351.6 165494.85, 532351.15 165500, 532351.1 165500.8, 532341.6 165500, 532335.5 165499.55, 532336.1 165493.7))",False,15.71,0.2105162865295048,,PRE-1914,Shop,Shop,,,,,,,,,,,,,,,,,,,532343.5933540193,165497.21976367332,1.0,nondom
52401143210050,3,"POLYGON ((532352.15 165488.55, 532352.5 165484.7, 532352.7 165482.7, 532342.35 165482.2, 532336.95 165481.95, 532336.65 165487.6, 532336.1 165493.7, 532351.6 165494.85, 532352.15 165488.55))",False,16.84,0.1802413197063918,,PRE-1914,Hospitality,Hospitality,Hospitality,,,,,,,,,,,,,,,,,,532344.4035886341,165488.28927099286,1.0,nondom
52401149210003,1,"POLYGON ((531897.75 165487.25, 531892 165490.65, 531887.5 165482.9, 531890.7 165481.15, 531905.55 165473, 531909 165478.85, 531902.8 165482.5, 531902.15 165481.45, 531896.35 165484.9, 531897.75 165487.25))",False,4.62,0.0785032506803749,,PRE-1914,Office,,,,,,,,,,,,,,,,,,,,531897.8552100273,165481.44630461343,1.0,nondom
52401124410004,1,"POLYGON ((532206.05 165410.63, 532233.6 165423.1, 532236.6 165424.45, 532237.35 165424.8, 532235.28 165429.34, 532233.65 165432.92, 532232.79 165434.81, 532228.8 165443.55, 532224.55 165441.65, 532223.35 165444.35, 532222.15 165447.05, 532221 165449.8, 532225.25 165451.65, 532223.9 165454.75, 532147.35 165420.6, 532145.45 165414.8, 532146.35 165412.75, 532147.85 165409.4, 532150.6 165403.15, 532152.4 165399.1, 532153.56 165396.51, 532156 165391.05, 532156.75 165389.35, 532157 165388.8, 532165.6 165392.65, 532183.9 165400.8, 532186.943 165402.15, 532205.65 165410.45, 532206.05 165410.63))",False,11.829680566396613,0.11837963794100738,,PRE-1914,Transport,,,,,,,,,,,,,,,,,,,,532190.0774529577,165421.4180466199,1.0,nondom
